CustomerID,total spend,No. of purchases,Average value of purchase
17850,1224.51,312,3.92
13047,798.3,196,4.07
12583,791.28,251,3.15
13748,111.9,28,4
15100,65.7,6,10.95
15291,551.17,109,5.06
14688,753.2,359,2.1
17809,897.19,64,14.02
15311,6267.75,2491,2.52
14527,5996.64,1011,5.93
16098,296.45,67,4.42
18074,62.15,13,4.78
17420,116.44,30,3.88
16029,24111.14,274,88
16250,74.12,24,3.09
12431,902,240,3.76
17511,2607.08,1076,2.42
17548,33.57,17,1.97
13705,213.04,28,7.61
13747,9.95,1,9.95
13408,1614.5,501,3.22
13767,1495.38,399,3.75
17924,131,38,3.45
13448,635.48,199,3.19
15862,402.47,147,2.74
15513,1294.48,314,4.12
12791,16.85,2,8.43
16218,157.63,90,1.75
14045,25.4,6,4.23
14307,447.56,180,2.49
17908,155.01,58,2.67
17920,1623.75,696,2.33
12838,285.33,123,2.32
13255,67.43,14,4.82
16583,35.9,14,2.56
18085,82.5,29,2.84
13758,384.69,117,3.29
13694,1163.81,585,1.99
15983,237.4,113,2.1
14849,954.78,392,2.44
17968,163.98,85,1.93
16210,462.19,123,3.76
17897,355.36,115,3.09
17377,1263.55,419,3.02
16552,69.87,17,4.11
17181,69.91,23,3.04
17951,47.12,21,2.24
14729,153.3,71,2.16
12748,15115.6,4642,3.26
15012,334.53,128,2.61
12868,279.45,107,2.61
17572,37.9,12,3.16
14078,174.23,65,2.68
14001,142.16,40,3.55
12662,741.49,232,3.2
15525,496.08,180,2.76
14237,64.1,9,7.12
17905,128.99,34,3.79
15485,273.62,86,3.18
12433,920.95,420,2.19
16955,106.21,26,4.09
15350,13.35,5,2.67
15605,307.42,67,4.59
18144,190.51,43,4.43
15922,51.45,12,4.29
14594,177.51,53,3.35
15165,134.65,27,4.99
14911,31060.66,5903,5.26
16456,236.24,111,2.13
17841,20333.18,7983,2.55
12472,970.12,391,2.48
17346,1216.42,503,2.42
17643,32.15,8,4.02
17873,210.32,46,4.57
13093,583.51,170,3.43
12921,1772.04,741,2.39
13468,1266.62,306,4.14
17760,56.79,25,2.27
16928,428.53,213,2.01
16048,25.72,9,2.86
16274,286.6,67,4.28
14496,107.43,19,5.65
14696,327.28,133,2.46
16539,175.2,45,3.89
17025,18.06,9,2.01
13777,520.74,219,2.38
17690,1464.09,258,5.67
12947,438.97,103,4.26
17460,165.41,37,4.47
18229,758.76,164,4.63
14142,38.95,22,1.77
17069,428.73,154,2.78
13065,73.11,14,5.22
14606,7839.02,2782,2.82
16835,42.97,10,4.3
15235,427.65,143,2.99
13576,416.85,130,3.21
18011,66.11,28,2.36
13090,722.19,161,4.49
15694,372.09,79,4.71
14741,153.58,59,2.6
13715,251.35,108,2.33
14092,593.62,217,2.74
17732,89.09,18,4.95
12855,4.65,3,1.55
15752,722.04,412,1.75
17855,30.02,17,1.77
14047,164.03,34,4.82
17925,3.39,1,3.39
13941,181.68,47,3.87
17017,461.2,268,1.72
14135,331.31,134,2.47
13108,17.52,10,1.75
12471,2266.87,531,4.27
15601,1126.65,414,2.72
13418,925.94,314,2.95
14766,374.31,137,2.73
15658,358.05,56,6.39
14388,532.91,191,2.79
14901,308.14,98,3.14
18041,934.17,474,1.97
15955,530.07,185,2.87
15070,2.95,1,2.95
16244,233.62,91,2.57
15111,309.32,84,3.68
14390,912.19,291,3.13
16546,53.03,31,1.71
15260,268.31,78,3.44
13305,272.33,81,3.36
14491,77.22,17,4.54
14060,291.44,203,1.44
15923,59.11,21,2.81
16752,122.35,9,13.59
17287,393.4,124,3.17
15363,55.75,17,3.28
12915,149.35,22,6.79
15544,416.33,261,1.6
15738,372.82,176,2.12
16042,235.47,75,3.14
17381,146.61,110,1.33
15827,629.87,134,4.7
14180,2332.49,248,9.41
13117,185.01,76,2.43
16916,317.52,143,2.22
17964,278.74,104,2.68
14466,273.15,72,3.79
17235,92.2,29,3.18
16510,69.5,13,5.35
17802,342.05,147,2.33
15107,118.69,20,5.93
17976,229.58,65,3.53
14449,427.66,258,1.66
15838,335.86,169,1.99
16781,101.75,19,5.36
17547,5.9,2,2.95
13491,290,86,3.37
16186,402.16,219,1.84
17685,260.12,130,2
17581,1600.54,452,3.54
15732,26.47,14,1.89
13138,177.76,63,2.82
15823,85.19,17,5.01
17567,417.27,177,2.36
15061,1043.84,410,2.55
16203,104.4,36,2.9
15640,1421.29,495,2.87
15574,422.75,168,2.52
16770,333.82,146,2.29
17838,484.65,137,3.54
17228,359.14,208,1.73
14829,98,45,2.18
17412,179.59,66,2.72
14031,1185.22,258,4.59
14775,63.11,60,1.05
12971,714.85,308,2.32
15834,1249.87,276,4.53
17659,651.39,161,4.05
15299,1337.88,12,111.49
15646,105.75,36,2.94
13958,38.95,5,7.79
14443,247.21,98,2.52
14156,6544.29,1420,4.61
16995,1.25,1,1.25
13402,77.21,39,1.98
18168,460.73,140,3.29
17757,2041.78,742,2.75
14625,285.34,57,5.01
13011,12.65,3,4.22
13798,907.66,439,2.07
15384,82.13,43,1.91
14264,124.54,19,6.55
13295,38.15,11,3.47
16754,1.24,2,0.62
16634,40.55,9,4.51
18239,252.73,88,2.87
14576,2.95,1,2.95
13145,311.51,7,44.5
14395,1003.32,353,2.84
14865,2.61,4,0.65
15093,315.46,112,2.82
12738,43.45,11,3.95
16150,422.59,136,3.11
17552,116.26,51,2.28
14236,30.98,15,2.07
17961,814.79,249,3.27
14573,1091.49,241,4.53
17135,262.13,52,5.04
17396,119.24,27,4.42
14213,24.45,5,4.89
12967,189.59,33,5.75
12686,22.81,7,3.26
14679,2.55,1,2.55
15240,214.04,83,2.58
18225,763.65,286,2.67
13370,166.19,44,3.78
16883,139.99,38,3.68
13520,467.25,95,4.92
12841,1045.72,439,2.38
16905,760.58,209,3.64
12427,161.17,35,4.6
17967,90.23,48,1.88
16891,634.44,203,3.13
14589,23.85,3,7.95
14680,776.31,320,2.43
17884,224.17,117,1.92
12557,71.83,33,2.18
14083,507.93,181,2.81
13013,701.75,222,3.16
14210,394.22,103,3.83
16477,339.47,146,2.33
12600,368.32,65,5.67
16013,444.63,151,2.94
17949,727.33,79,9.21
12779,586.61,159,3.69
16926,97.7,14,6.98
17787,381.51,134,2.85
12682,1968.83,525,3.75
14723,624.8,278,2.25
17954,969.32,489,1.98
17819,224.49,49,4.58
12712,939.13,142,6.61
15373,725.43,137,5.3
16140,75.62,37,2.04
17198,278.14,96,2.9
17238,1521.56,566,2.69
12793,93.84,24,3.91
15769,300.67,147,2.05
14396,191.76,73,2.63
14898,353.28,119,2.97
12725,98.5,24,4.1
16725,556.08,152,3.66
12395,629.59,159,3.96
16455,208.05,99,2.1
13081,2489.93,1061,2.35
15545,218.05,81,2.69
17243,1722.56,407,4.23
15465,720.23,104,6.93
15708,1213.25,297,4.09
13089,5166.45,1857,2.78
16033,3852.33,1152,3.34
13838,539.84,174,3.1
15351,682.44,233,2.93
18055,1467.91,363,4.04
15038,547.91,133,4.12
18109,2267.68,454,4.99
13069,809.53,470,1.72
16241,1469.64,662,2.22
14800,868.3,392,2.22
16839,898.62,298,3.02
16168,329.17,99,3.32
16931,1853.8,898,2.06
16814,1068.91,325,3.29
13269,833.85,320,2.61
14813,84.79,30,2.83
12567,1557.35,463,3.36
17062,153.29,71,2.16
15332,99.44,35,2.84
14810,593.66,255,2.33
16353,283.02,94,3.01
18118,3292.38,1284,2.56
13831,292.85,74,3.96
13506,80.09,29,2.76
17796,329.4,82,4.02
15716,270.07,118,2.29
18156,420.03,140,3
15221,140.15,11,12.74
16983,351.43,149,2.36
17059,1371.39,516,2.66
16327,666.73,319,2.09
17211,691.11,213,3.24
17026,16.14,4,4.04
15570,1240.06,330,3.76
15880,229.12,106,2.16
16718,105.16,45,2.34
15808,754.6,210,3.59
17858,1171.13,199,5.89
16393,716.82,358,2
14161,343.13,108,3.18
17863,228.96,148,1.55
16411,91.59,45,2.04
16402,160.1,60,2.67
15023,2152.43,563,3.82
17402,345.75,59,5.86
15426,800.2,300,2.67
12647,696.66,128,5.44
15894,82.49,41,2.01
15867,1589.46,463,3.43
14506,1063.41,316,3.37
15555,1563.83,925,1.69
13034,87.77,37,2.37
15889,268.77,93,2.89
15953,289.69,103,2.81
16143,486.71,118,4.12
12720,987.06,359,2.75
16422,1248.75,399,3.13
12747,449.89,103,4.37
15502,7836.84,252,31.1
12763,31.89,18,1.77
14081,493.97,156,3.17
17965,1147.63,329,3.49
14404,320.76,104,3.08
13579,97.99,23,4.26
13174,1063.67,314,3.39
15987,301.65,140,2.15
17677,892.25,321,2.78
13652,196.77,63,3.12
12586,54.6,12,4.55
17428,1249.07,343,3.64
16161,1636,502,3.26
16858,66.29,13,5.1
18219,495.73,115,4.31
14293,134.59,61,2.21
14748,181.12,92,1.97
16638,361.37,95,3.8
17674,20.49,27,0.76
12808,113.29,28,4.05
13094,38.31,30,1.28
15899,16.5,4,4.13
12708,724.47,174,4.16
15898,287.85,87,3.31
17691,64.65,19,3.4
17227,64.49,47,1.37
15039,4811.72,1508,3.19
15919,352.44,143,2.46
13497,63.25,20,3.16
15860,488.41,142,3.44
14189,605.24,277,2.18
15304,182.9,26,7.03
14867,144.85,37,3.91
14344,300.02,71,4.23
12474,1331.7,457,2.91
16719,793.55,203,3.91
15048,246.08,98,2.51
15301,754.11,247,3.05
14708,88.96,29,3.07
16898,334.98,163,2.06
14825,332.01,121,2.74
18113,1.06,1,1.06
17596,517.18,270,1.92
15078,1094.53,451,2.43
14085,1093.28,451,2.42
17860,148.27,58,2.56
13155,247.52,85,2.91
15028,95.37,48,1.99
16919,913.95,327,2.79
17259,289.49,124,2.33
17019,496.7,234,2.12
14487,372.19,145,2.57
16722,279.29,228,1.22
15882,45.98,24,1.92
14667,1793.92,576,3.11
16710,947.46,402,2.36
16550,670.85,261,2.57
15984,753.81,275,2.74
17682,290.79,119,2.44
16658,24.17,8,3.02
17068,742.57,297,2.5
15356,1037.24,519,2
17223,213.85,49,4.36
16817,360.79,95,3.8
13030,314.81,99,3.18
17191,607.92,237,2.57
15194,792.8,326,2.43
14409,153.54,55,2.79
16654,129.73,31,4.18
16861,18.73,8,2.34
16138,7.95,1,7.95
13481,258.88,112,2.31
13495,137.26,52,2.64
17519,257.43,83,3.1
17218,797.32,274,2.91
17812,427.18,141,3.03
14215,242.83,109,2.23
15602,158.84,54,2.94
17320,273.18,73,3.74
16782,723.85,197,3.67
12913,146.24,50,2.92
17869,246.34,40,6.16
13564,1951.93,85,22.96
14850,37.25,22,1.69
15021,1265.6,479,2.64
13963,114.38,35,3.27
17450,3320.09,351,9.46
17091,637.22,198,3.22
17470,93.81,78,1.2
17616,7.65,3,2.55
15649,8.5,2,4.25
12681,2061.71,646,3.19
14907,584.86,168,3.48
17735,1512.8,690,2.19
16059,559.68,180,3.11
17720,271.71,50,5.43
15018,241.68,32,7.55
14733,859.21,216,3.98
13756,390.52,143,2.73
14176,112.25,32,3.51
13319,1689.42,500,3.38
15353,208.71,63,3.31
18119,83.47,30,2.78
17491,378.06,110,3.44
14282,249.65,156,1.6
13569,268.02,85,3.15
15498,2517.99,523,4.81
14673,177.23,74,2.4
13488,1505.79,427,3.53
16221,218.3,97,2.25
15002,292.04,115,2.54
15965,279.1,122,2.29
15024,438.1,155,2.83
17675,2576.7,721,3.57
13769,523.44,143,3.66
16904,1950.26,710,2.75
16086,127.67,40,3.19
13786,13.25,7,1.89
13880,443.57,165,2.69
13173,113.81,43,2.65
15858,440.69,191,2.31
15180,19.6,6,3.27
12347,481.21,182,2.64
14739,124.97,61,2.05
16293,500.73,120,4.17
17419,864.67,208,4.16
16775,733.89,158,4.64
16306,73.46,44,1.67
16950,129.71,42,3.09
17591,597.3,167,3.58
12839,609.1,316,1.93
13807,36.05,7,5.15
16125,41.72,13,3.21
15081,176.02,35,5.03
18102,5159.73,433,11.92
16365,262.3,51,5.14
17870,622.8,280,2.22
14821,5.05,2,2.53
16863,46.38,28,1.66
13078,1510.2,380,3.97
13267,786.27,224,3.51
13050,1300.17,422,3.08
12709,966.07,257,3.76
15628,358.36,157,2.28
12386,23.91,10,2.39
14796,2322.33,1165,1.99
16779,811.09,344,2.36
13599,730.88,264,2.77
13329,41.81,19,2.2
18077,414.27,227,1.82
14744,89.69,28,3.2
17406,1036.14,116,8.93
15750,717.3,295,2.43
13983,684.2,112,6.11
13842,833.12,206,4.04
12441,40.71,11,3.7
13199,316.25,120,2.64
14032,359.26,152,2.36
17706,1714.85,395,4.34
16081,635.06,227,2.8
16525,727.72,200,3.64
14952,521.67,149,3.5
17975,943.88,297,3.18
16122,60.16,38,1.58
13126,315.92,142,2.22
15973,39.61,6,6.6
16558,1440.79,474,3.04
16713,1978.76,632,3.13
16893,116.87,45,2.6
15529,1160.59,674,1.72
18043,352.37,121,2.91
16016,728.91,237,3.08
17722,392.53,120,3.27
17324,138.28,50,2.77
17341,388.1,183,2.12
14051,1008.5,215,4.69
15916,613.8,160,3.84
16233,116.68,25,4.67
16385,150.2,59,2.55
15032,104.05,55,1.89
17213,679.65,164,4.14
18061,230.48,46,5.01
13113,1033.48,280,3.69
16553,196.86,86,2.29
13455,253.81,53,4.79
14217,605.34,107,5.66
17262,48.33,12,4.03
14299,573.8,162,3.54
18259,136.9,42,3.26
17676,152.66,79,1.93
16679,20.75,3,6.92
18269,27.1,8,3.39
12766,951.95,310,3.07
15298,470.95,194,2.43
18193,74.42,18,4.13
13523,1268.23,177,7.17
12870,14.9,2,7.45
15005,2729.28,1160,2.35
15581,3610.2,151,23.91
15680,188.76,78,2.42
13649,73.4,23,3.19
17894,539.29,193,2.79
13270,2.95,1,2.95
14618,73.34,17,4.31
14866,342.72,103,3.33
13077,196.65,112,1.76
13115,343.84,132,2.6
13531,99.87,22,4.54
13848,2.31,5,0.46
13140,135.64,46,2.95
15713,111.38,20,5.57
17999,262.53,93,2.82
15347,11.35,5,2.27
17340,1615.4,424,3.81
13984,34.8,17,2.05
15996,525.91,131,4.01
14030,985.23,243,4.05
16252,67.1,21,3.2
16596,49.25,12,4.1
16700,659.72,312,2.11
16011,448.65,212,2.12
17655,440.02,93,4.73
16717,878.73,236,3.72
14243,584.33,148,3.95
12963,314.96,96,3.28
15079,218.43,48,4.55
14437,111.65,6,18.61
12942,310.34,75,4.14
15660,221.83,94,2.36
18092,332.26,90,3.69
15358,1121.4,561,2
12481,741.44,218,3.4
12721,509.48,164,3.11
12621,1373.65,474,2.9
18071,74.95,25,3
12683,1018.24,362,2.81
12755,40.2,6,6.7
13854,528.07,114,4.63
12797,75.57,17,4.45
13369,105.94,19,5.58
12494,351.94,84,4.19
17857,559.76,56,10
17411,177.41,43,4.13
14932,160.64,17,9.45
12429,352.18,97,3.63
14987,10.2,4,2.55
14355,31.35,11,2.85
17526,130.44,23,5.67
14896,103.11,43,2.4
14440,258.63,55,4.7
13240,221.99,67,3.31
14479,72.3,18,4.02
16065,138.62,74,1.87
17430,27.97,14,2
16520,433.89,157,2.76
15945,5.5,2,2.75
15181,32.81,18,1.82
15856,1183.5,653,1.81
13102,797.54,310,2.57
14205,163.15,39,4.18
17702,149.59,80,1.87
15271,754.06,275,2.74
13982,258.46,115,2.25
15288,292.62,88,3.33
17978,28.36,12,2.36
16795,145.55,66,2.21
16519,86.03,13,6.62
17816,23.98,17,1.41
13021,509.5,134,3.8
16255,775.8,274,2.83
17671,210.6,61,3.45
17646,255.32,54,4.73
12649,86.91,33,2.63
16350,212.01,60,3.53
12872,164.71,66,2.5
17339,26.57,9,2.95
18230,204.08,89,2.29
16499,106.4,22,4.84
17097,563.37,213,2.64
15192,128.25,51,2.51
14441,369.8,59,6.27
15279,80.56,21,3.84
16579,2.55,1,2.55
15380,225.01,37,6.08
17442,370.99,140,2.65
17950,165.21,72,2.29
12826,180.37,94,1.92
17456,25.63,17,1.51
17307,1.06,1,1.06
15811,491.76,139,3.54
13327,300.25,109,2.75
17700,467.64,146,3.2
13136,410.31,139,2.95
15535,381.7,78,4.89
12605,5.4,3,1.8
15329,240,62,3.87
15211,285.78,52,5.5
15596,366.21,84,4.36
16163,32.9,7,4.7
16907,571.78,151,3.79
17576,1285.64,417,3.08
14713,840.78,341,2.47
14702,1321.31,348,3.8
13230,1466.18,612,2.4
13969,1865.24,633,2.95
17530,916.55,394,2.33
15805,845.65,307,2.75
17696,319.16,126,2.53
17076,146.74,25,5.87
17827,523.24,220,2.38
16265,968.72,260,3.73
17880,64,26,2.46
13000,93.39,31,3.01
17790,594.11,190,3.13
12731,930.75,277,3.36
14419,515.86,206,2.5
14082,75.04,29,2.59
17912,166.7,40,4.17
15723,106,41,2.59
16656,189.51,80,2.37
14037,96.9,28,3.46
14256,223.25,54,4.13
14543,723.74,107,6.76
16062,174.24,64,2.72
18116,895.89,378,2.37
16019,556.88,165,3.38
18178,246.23,99,2.49
18065,573.39,138,4.16
13148,1269.95,347,3.66
12989,213.11,68,3.13
14107,330.02,124,2.66
15881,103.44,32,3.23
12785,69.68,15,4.65
16727,76.53,46,1.66
15514,538.06,218,2.47
13787,76.81,31,2.48
17865,1121.38,389,2.88
17220,1161.42,472,2.46
16565,15.35,3,5.12
16873,1019.32,289,3.53
14062,313.65,111,2.83
15179,248.22,95,2.61
18016,412.52,123,3.35
14448,54.35,20,2.72
15503,143.72,70,2.05
17251,136.64,39,3.5
16923,2161.05,696,3.1
14159,1810.56,1212,1.49
17126,495.34,262,1.89
15224,56.59,16,3.54
14577,325.13,123,2.64
12753,536.39,230,2.33
17236,282.84,105,2.69
17372,588.63,253,2.33
16367,303.89,130,2.34
12875,0.34,2,0.17
17917,209.44,94,2.23
16010,191.25,86,2.22
17085,522.52,189,2.76
13668,1478.95,501,2.95
14684,713.45,421,1.69
17188,253.92,89,2.85
15547,1827.52,702,2.6
15998,1295.94,509,2.55
14413,64.55,23,2.81
18004,110.61,40,2.77
13959,202.76,92,2.2
16665,48.5,9,5.39
15454,69.55,25,2.78
15044,2156.79,461,4.68
17937,149.35,43,3.47
14608,84.5,20,4.23
17618,334.06,78,4.28
14505,2334.58,803,2.91
18037,68.37,19,3.6
13198,554.88,229,2.42
12540,1875.34,481,3.9
13225,87.43,34,2.57
15361,9.41,7,1.34
15689,31.5,9,3.5
14290,376.16,103,3.65
13209,761.1,329,2.31
13999,489.63,212,2.31
14498,541.89,193,2.81
15854,411.05,140,2.94
16701,334.26,154,2.17
16927,17.44,6,2.91
17990,67.35,29,2.32
14544,275.52,114,2.42
17338,2122.12,757,2.8
17231,1520.22,546,2.78
17799,1053.27,410,2.57
14565,503.84,129,3.91
16726,402.27,185,2.17
17303,155.87,53,2.94
14639,839.15,175,4.8
17611,1484.72,582,2.55
17179,185.15,80,2.31
17524,9.55,6,1.59
12476,1306.93,264,4.95
17293,373.42,135,2.77
17890,232.09,94,2.47
17375,196.21,71,2.76
17371,276.7,87,3.18
17969,65.82,14,4.7
15159,2041.89,720,2.84
13211,80.62,56,1.44
15777,88.79,22,4.04
14525,968.14,298,3.25
13324,228.07,77,2.96
13802,186.68,66,2.83
13948,11.85,3,3.95
13008,25.13,15,1.68
14206,45.89,21,2.19
16202,62.73,18,3.49
16442,389.33,174,2.24
18075,544.29,153,3.56
15468,136.71,29,4.71
16570,437.17,133,3.29
14524,820.66,203,4.04
18141,2.95,1,2.95
12434,198.13,54,3.67
16810,69.98,16,4.37
14961,920.61,317,2.9
17041,138.99,71,1.96
16458,356.2,202,1.76
16083,48.82,31,1.57
16262,17.95,3,5.98
17194,113.44,29,3.91
14057,552.77,291,1.9
14871,308.47,98,3.15
13178,542.34,265,2.05
18044,542.9,128,4.24
16812,83,15,5.53
16191,341.58,151,2.26
12370,467.65,167,2.8
14298,2455.5,1640,1.5
17158,217.45,67,3.25
14415,1806.34,612,2.95
16899,423.57,125,3.39
16531,215.23,77,2.8
17404,446.55,201,2.22
16556,803.76,207,3.88
16805,174.86,98,1.78
16503,361.08,86,4.2
17739,215.98,48,4.5
13238,137.38,32,4.29
12829,154,12,12.83
13097,1886.86,437,4.32
12867,738.97,551,1.34
15392,181.67,85,2.14
13846,207.42,58,3.58
14401,260.48,183,1.42
16145,518.48,237,2.19
17629,260.3,124,2.1
14150,43.74,26,1.68
13496,111.74,36,3.1
13611,179.35,76,2.36
16954,180.63,54,3.35
17454,161.25,61,2.64
17449,976.8,279,3.5
17230,270.7,73,3.71
12865,296.74,96,3.09
15950,366.63,103,3.56
15512,13.65,7,1.95
17525,54.05,9,6.01
13458,967.51,394,2.46
14426,846.92,264,3.21
16003,516.9,103,5.02
13092,127.7,26,4.91
13426,307.85,159,1.94
15101,26.19,9,2.91
17033,63.19,28,2.26
13221,330.95,66,5.01
14201,104.1,39,2.67
17692,77.07,47,1.64
15822,111.19,33,3.37
16134,76.71,38,2.02
17551,109.27,43,2.54
18050,11.55,5,2.31
14913,105.53,87,1.21
12666,8.06,2,4.03
15641,227.24,119,1.91
13124,781.02,235,3.32
17214,628.17,104,6.04
15456,96.3,60,1.61
15062,117.52,57,2.06
12928,163.18,84,1.94
15727,980.94,302,3.25
17980,66.11,30,2.2
15290,687.69,212,3.24
17752,0.42,1,0.42
15615,1110.37,429,2.59
12577,274.27,148,1.85
17044,38.42,10,3.84
13829,8.5,1,8.5
17633,206.32,72,2.87
13266,376.87,202,1.87
17820,24.05,5,4.81
15664,74.61,19,3.93
17189,141.2,61,2.31
17496,51.65,10,5.17
16607,1043.22,174,6
13317,557.79,135,4.13
13890,394.57,114,3.46
17001,516.63,169,3.06
15246,98.45,33,2.98
16996,122.21,41,2.98
15482,482.98,127,3.8
16037,121.78,39,3.12
14841,440.85,138,3.19
16670,781.94,262,2.98
16985,506.21,121,4.18
16705,1284.26,284,4.52
16470,328.9,171,1.92
14414,92.66,98,0.95
15563,224.97,117,1.92
12980,396.03,24,16.5
16746,1252.48,452,2.77
14878,323.59,124,2.61
16743,283.39,193,1.47
17146,246.09,35,7.03
12877,292.43,154,1.9
15394,275.37,85,3.24
14621,295.53,96,3.08
15379,504.65,196,2.57
14309,308.82,123,2.51
17288,379.8,142,2.67
14709,544.96,197,2.77
15157,247.35,133,1.86
17744,122.46,137,0.89
16316,897.98,156,5.76
15620,384.71,104,3.7
15789,24.96,25,1
16560,224.26,58,3.87
13534,971.14,342,2.84
17580,97.09,45,2.16
14777,7.55,3,2.52
15759,36.22,7,5.17
14373,46.5,4,11.63
18176,97.4,33,2.95
15366,108.84,44,2.47
14735,759.51,205,3.7
16271,226.54,134,1.69
18223,889.99,299,2.98
15532,1036.36,263,3.94
16816,63.08,28,2.25
16684,709.93,281,2.53
14334,545.98,163,3.35
16945,555.1,249,2.23
14643,50.45,34,1.48
15197,134.9,36,3.75
14220,71.32,21,3.4
13874,99.1,18,5.51
18260,515.59,140,3.68
17848,215.8,51,4.23
17392,211.91,62,3.42
12348,178.71,31,5.76
14985,166.02,87,1.91
13004,822.5,409,2.01
14560,374.56,76,4.93
12931,175.53,102,1.72
13627,287.26,94,3.06
12551,16.8,10,1.68
12782,405.36,107,3.79
14769,2970.44,1094,2.72
15780,120.57,29,4.16
12417,1074.23,198,5.43
17315,1342.54,487,2.76
16711,76.85,22,3.49
12726,261.23,124,2.11
15204,21.64,9,2.4
17888,217.98,81,2.69
17007,174.11,53,3.29
15160,6.99,4,1.75
14016,648.63,162,4
13033,29.05,11,2.64
12691,161.15,32,5.04
13869,903.99,307,2.94
14146,653.19,245,2.67
12705,984.25,348,2.83
16885,348.72,101,3.45
17913,143.62,59,2.43
12668,571.84,168,3.4
14472,777.25,281,2.77
17358,158.85,59,2.69
16686,1610.49,588,2.74
18245,469.27,177,2.65
17343,79.94,17,4.7
18256,3,4,0.75
16153,266.19,89,2.99
12377,209.35,77,2.72
14646,5400.21,2085,2.59
12944,95.66,30,3.19
15312,112.74,48,2.35
14099,659.59,252,2.62
14113,107.86,40,2.7
13104,43.43,20,2.17
17204,319.79,67,4.77
13027,10.4,26,0.4
17621,92.5,27,3.43
17090,174.85,64,2.73
14119,9.95,1,9.95
15527,616.02,166,3.71
18097,325.65,109,2.99
15460,164.04,58,2.83
15034,1174.97,400,2.94
12423,365.05,126,2.9
12678,1084.87,167,6.5
15208,205.93,43,4.79
17306,108.09,69,1.57
14737,61.44,17,3.61
13029,73.88,10,7.39
16270,174.03,54,3.22
13487,151.34,34,4.45
12515,108.5,16,6.78
17400,714.76,213,3.36
17593,536.03,215,2.49
13953,45.86,20,2.29
14533,94.49,65,1.45
12734,4.74,4,1.19
14944,519.04,172,3.02
17239,63.55,16,3.97
14532,359.9,64,5.62
12383,309.36,100,3.09
15562,3.45,1,3.45
15587,26.25,9,2.92
13922,34.92,7,4.99
13817,77.27,24,3.22
12585,339.25,97,3.5
13165,33.64,42,0.8
13304,66.4,21,3.16
13313,166.32,78,2.13
16875,450.66,123,3.66
16282,30.05,11,2.73
12957,691.23,244,2.83
14462,703.48,246,2.86
13397,156.95,39,4.02
13680,480.41,216,2.22
12483,484.21,81,5.98
15164,303.37,103,2.95
17457,61.2,19,3.22
14732,508.99,149,3.42
14221,636.28,194,3.28
14553,420.77,113,3.72
13253,41.11,36,1.14
17389,1273.57,224,5.69
12578,373,120,3.11
15841,69.92,50,1.4
16112,8.92,16,0.56
13629,137.13,59,2.32
16600,88.87,62,1.43
15661,4.55,5,0.91
16532,13.93,4,3.48
15266,40.5,6,6.75
14653,786.8,237,3.32
16771,728.29,255,2.86
17585,295.53,214,1.38
15046,573.87,207,2.77
13082,220.02,75,2.93
15464,661.11,157,4.21
18226,543.97,245,2.22
18062,121.21,27,4.49
12415,2499.82,778,3.21
12503,1126,1,1126
17368,291.12,128,2.27
14258,435.97,112,3.89
15719,2063.57,938,2.2
13368,142.61,29,4.92
17634,1106.83,297,3.73
16676,464.77,92,5.05
16424,28.49,6,4.75
18283,1220.93,756,1.61
12735,232.9,43,5.42
13764,566.59,208,2.72
13656,84.23,49,1.72
12413,210.29,40,5.26
14312,308.68,87,3.55
13280,222.73,85,2.62
15845,390.21,140,2.79
16094,243.6,67,3.64
13187,139.32,37,3.77
16567,75.79,35,2.17
14828,48.51,17,2.85
12530,264.47,68,3.89
16551,62.44,32,1.95
16889,418.37,135,3.1
16473,48.96,19,2.58
13750,120.49,24,5.02
12501,387.32,160,2.42
15607,15.28,13,1.18
15139,17.61,13,1.35
12489,88.62,15,5.91
17707,8.85,5,1.77
18198,390.97,166,2.36
12484,1114.08,350,3.18
18179,248.49,90,2.76
17284,483.48,294,1.64
13233,31.73,43,0.74
14889,22.6,10,2.26
12480,482.7,154,3.13
14672,178.22,61,2.92
13593,561.76,129,4.35
13162,118.5,82,1.45
13183,191.07,94,2.03
17095,501.94,77,6.52
12939,112.96,47,2.4
15611,258.18,45,5.74
17114,696.83,135,5.16
15059,754.77,239,3.16
16326,1581.89,320,4.94
17128,55.79,14,3.99
14761,25,11,2.27
17555,231.57,106,2.18
12651,20.2,9,2.24
16735,320.88,128,2.51
16833,150.32,47,3.2
17800,228.85,104,2.2
16748,118.75,69,1.72
14755,982.82,237,4.15
16549,1997.69,981,2.04
13565,65.31,38,1.72
15799,222.21,98,2.27
18032,9.35,5,1.87
13451,941.06,444,2.12
14794,336.14,82,4.1
12539,2856.04,274,10.42
12500,381.95,65,5.88
18171,286.86,56,5.12
16279,247.08,109,2.27
12524,420.06,144,2.92
17811,2390.92,872,2.74
16850,40.3,19,2.12
14321,174.5,123,1.42
15326,42.11,29,1.45
17849,268.4,26,10.32
13672,138.41,16,8.65
14229,145.95,43,3.39
13107,107.76,60,1.8
16497,497.57,136,3.66
16303,472.36,167,2.83
15281,604.61,150,4.03
12736,22.32,4,5.58
13473,79.14,22,3.6
14320,82.48,42,1.96
12393,145.9,64,2.28
17742,133.43,15,8.9
16351,15.9,8,1.99
12601,189.81,29,6.55
13144,18.65,3,6.22
15346,43.69,17,2.57
15370,369.88,95,3.89
12643,124.51,24,5.19
14295,21.15,7,3.02
16034,56.2,22,2.55
17365,905.29,468,1.93
15189,1011.77,232,4.36
14669,460.02,170,2.71
18095,55,21,2.62
15518,548.14,220,2.49
15749,46.24,15,3.08
14209,462.46,88,5.26
15569,67.12,31,2.17
12728,214.79,46,4.67
17569,97.24,29,3.35
13784,81.78,31,2.64
12724,197.22,53,3.72
13862,245.89,142,1.73
16791,943.13,322,2.93
16235,230.83,48,4.81
14270,132.55,29,4.57
12665,21.75,4,5.44
12523,567.36,110,5.16
16655,672.21,261,2.58
16359,791.65,70,11.31
16554,253.51,74,3.43
12359,2225.11,254,8.76
15939,140.63,77,1.83
14587,916.45,384,2.39
14715,237.3,71,3.34
14185,179.2,3,59.73
12437,809.45,201,4.03
14040,917.85,241,3.81
12652,144.52,51,2.83
14514,235.53,73,3.23
15171,23.95,7,3.42
14167,223.52,52,4.3
17048,209.91,48,4.37
17364,1124.98,414,2.72
13284,57.59,14,4.11
16500,188.32,11,17.12
12951,204.63,65,3.15
15835,153.65,50,3.07
18190,68.89,16,4.31
13993,704.02,125,5.63
14114,94.69,15,6.31
15447,28.09,9,3.12
16315,74.92,14,5.35
14978,975.82,216,4.52
16395,416.51,210,1.98
15510,125,1,125
13614,758.75,201,3.77
13246,263.22,143,1.84
15687,716.81,168,4.27
16493,104.1,62,1.68
12490,659.75,245,2.69
12672,37.9,10,3.79
13385,158.66,35,4.53
15626,80.7,49,1.65
12553,617.78,196,3.15
15213,38.94,25,1.56
14175,620.08,164,3.78
18106,153.5,39,3.94
15033,1078.9,513,2.1
14329,776.92,269,2.89
16401,289,198,1.46
16206,147.8,63,2.35
13782,403.48,115,3.51
12924,99.4,31,3.21
16593,130.54,27,4.83
13700,312.39,197,1.59
13064,245.31,69,3.56
13048,252.93,137,1.85
18069,1044.74,472,2.21
13634,626.15,188,3.33
16843,711.18,379,1.88
17064,228.64,62,3.69
17609,551.03,238,2.32
15673,457.13,155,2.95
12626,872,307,2.84
14976,291.04,73,3.99
12388,277.77,100,2.78
13527,638.66,224,2.85
15696,821.53,177,4.64
15316,1.65,1,1.65
12673,122.99,42,2.93
15296,716.36,200,3.58
17988,203.55,39,5.22
12820,112.38,59,1.9
13001,828.49,342,2.42
14101,60.55,35,1.73
14238,18.3,8,2.29
17730,435.88,220,1.98
13929,57.6,10,5.76
14657,354.37,127,2.79
13859,80.86,28,2.89
18212,131.48,43,3.06
14292,361.73,108,3.35
13883,534.57,155,3.45
18233,110,1,110
17018,99.57,16,6.22
14242,59.53,16,3.72
12356,188.87,59,3.2
12346,2.08,2,1.04
13898,31.37,12,2.61
16948,21.15,19,1.11
16997,23.4,12,1.95
12527,52.73,18,2.93
15395,45.8,7,6.54
12510,140.69,33,4.26
13693,22.1,4,5.53
13263,3760.47,1677,2.24
14428,609.87,148,4.12
12451,868.18,355,2.45
12422,127.15,39,3.26
17708,110.04,35,3.14
14090,1.06,1,1.06
15606,326.97,91,3.59
15831,186.38,69,2.7
13310,258.81,77,3.36
14916,142.66,79,1.81
17602,1130.96,565,2
14572,835.88,273,3.06
13502,32.36,18,1.8
14784,57.91,15,3.86
15938,41.77,18,2.32
12637,1060.19,394,2.69
17418,88.25,30,2.94
14779,279.8,41,6.82
16321,56.6,16,3.54
15262,32.95,10,3.3
17862,56.6,11,5.15
16892,341.34,101,3.38
12402,36.2,11,3.29
17771,121.37,54,2.25
15422,18.1,6,3.02
14770,179.11,52,3.44
16912,435.61,105,4.15
15174,17.04,11,1.55
14895,2134.16,506,4.22
12594,374.73,119,3.15
17504,486.25,140,3.47
16387,12.64,4,3.16
12664,428.14,38,11.27
16618,365.05,97,3.76
17277,231.26,69,3.35
14088,3376.44,590,5.72
17094,38,15,2.53
14692,200.35,69,2.9
12970,306.65,151,2.03
17889,72.62,21,3.46
17644,472.51,169,2.8
17714,20.5,10,2.05
12916,450.15,109,4.13
17769,977.92,313,3.12
14450,111.62,40,2.79
16085,398.65,167,2.39
13659,411.23,108,3.81
15167,109.65,41,2.67
15443,1158.01,385,3.01
14224,455.22,118,3.86
13742,1328.64,323,4.11
17673,367.42,228,1.61
12727,466.43,141,3.31
14068,98.2,24,4.09
13068,3.44,2,1.72
14368,49,8,6.13
15497,55.15,16,3.45
12559,87.28,22,3.97
13819,72.13,36,2
14501,24.65,12,2.05
14782,15.1,6,2.52
17861,539.72,223,2.42
14439,207.39,32,6.48
18161,294.16,81,3.63
15820,38.24,17,2.25
18136,107.43,39,2.75
16660,43.8,17,2.58
12693,225.87,41,5.51
12625,210.64,91,2.31
13396,188.98,47,4.02
12935,266.42,130,2.05
16730,115.73,84,1.38
14541,273.51,111,2.46
13551,30.6,4,7.65
12421,204.18,46,4.44
15797,33.85,8,4.23
15052,105.34,30,3.51
14130,191.98,67,2.87
15222,6.72,5,1.34
13615,80.86,24,3.37
13901,557.33,149,3.74
13158,158.84,79,2.01
14257,303.41,107,2.84
15218,513.44,166,3.09
15110,279.8,40,7
14534,1838.32,558,3.29
15967,240.88,84,2.87
16757,9.54,7,1.36
12854,340.56,115,2.96
13815,455.92,177,2.58
18008,114,30,3.8
18277,37.88,9,4.21
14389,123.08,62,1.99
13703,9.95,1,9.95
15339,220.66,88,2.51
12744,25108.89,229,109.65
16222,441.82,137,3.22
14341,337.4,130,2.6
13168,423.7,133,3.19
16943,225.14,33,6.82
17515,325.45,87,3.74
17082,342.19,81,4.22
14248,24.42,8,3.05
12609,211.07,60,3.52
13002,19.75,7,2.82
16133,1169.3,365,3.2
13049,55.07,14,3.93
14548,10.2,4,2.55
13405,146.551,27,5.43
14049,1290.9,505,2.56
16043,175.77,39,4.51
15812,207.12,41,5.05
13837,41.76,19,2.2
17118,13.58,10,1.36
14616,10.32,3,3.44
14233,99.36,36,2.76
17075,316.53,80,3.96
16714,453.94,94,4.83
13098,1713.6,605,2.83
17027,418.95,155,2.7
12591,98.3,26,3.78
17786,152.94,72,2.12
16124,150.4,16,9.4
16409,628.22,232,2.71
13754,28.05,12,2.34
15227,265.55,58,4.58
12997,211.21,67,3.15
15215,247.19,43,5.75
16918,270.35,130,2.08
16882,107.92,39,2.77
14442,428.33,68,6.3
16496,274.01,97,2.82
12764,242.44,45,5.39
17311,168.45,55,3.06
15910,484,267,1.81
16949,508.8,61,8.34
14970,209.93,34,6.17
14701,1087.42,350,3.11
12645,192.26,74,2.6
12468,139.07,40,3.48
16767,357.93,222,1.61
14738,199.35,56,3.56
17540,96.85,26,3.73
14239,430.85,116,3.71
18125,437.84,197,2.22
13328,31.92,17,1.88
15549,381.43,116,3.29
15864,67.84,24,2.83
14662,399.88,168,2.38
17180,257.85,131,1.97
15057,89.79,25,3.59
12574,57.2,11,5.2
13330,107.08,53,2.02
13552,507.97,121,4.2
12853,357.54,84,4.26
13538,186.91,25,7.48
16755,479.76,176,2.73
14133,111.36,30,3.71
16523,1102.96,298,3.7
14659,785.89,259,3.03
13141,300.28,136,2.21
15365,696.26,151,4.61
13707,214.24,48,4.46
13709,1244.8,346,3.6
17329,136.27,33,4.13
14805,272.98,47,5.81
16897,226.44,44,5.15
15579,206.38,51,4.05
14595,296.08,102,2.9
13161,38.9,8,4.86
15415,83.79,48,1.75
17431,84.33,43,1.96
17463,612.94,219,2.8
14502,1524.53,631,2.42
12528,512.34,95,5.39
15448,100.18,28,3.58
17314,328.08,136,2.41
17373,107.1,57,1.88
18145,398.12,221,1.8
14467,248.27,90,2.76
12908,2.09,4,0.52
15144,631.53,218,2.9
14776,131.2,134,0.98
16403,24.05,15,1.6
16407,509.25,172,2.96
17619,138.88,77,1.8
12778,193.47,51,3.79
17256,39.17,16,2.45
17604,159.66,63,2.53
14006,71.12,30,2.37
13600,58.22,19,3.06
15058,790.51,276,2.86
17147,293.42,85,3.45
13881,483.22,180,2.68
16612,213.49,66,3.23
14627,21.85,5,4.37
17356,21.31,19,1.12
12477,1333.87,308,4.33
12836,750.37,175,4.29
13939,56.21,46,1.22
16745,689.25,358,1.93
13606,97.56,43,2.27
13494,65.97,18,3.67
12929,69.7,9,7.74
16419,232.86,52,4.48
17035,109.16,32,3.41
15203,178.66,142,1.26
16515,293.16,113,2.59
12373,64.15,14,4.58
18202,275.54,68,4.05
12775,257.57,67,3.84
14549,179.9,56,3.21
15981,214.15,97,2.21
16110,802.32,354,2.27
17376,82.9,24,3.45
13110,695.73,146,4.77
16716,22.25,3,7.42
12676,316.27,45,7.03
15940,12.95,2,6.48
15971,81.39,35,2.33
14665,500.31,117,4.28
14457,5.02,4,1.26
15589,128.94,30,4.3
14411,114.45,14,8.18
17560,89.29,27,3.31
15226,30.74,8,3.84
14460,14.88,17,0.88
16156,444.76,139,3.2
13728,343.46,63,5.45
14127,174.22,44,3.96
16378,41.45,23,1.8
13894,78.76,30,2.63
13824,126.63,46,2.75
18250,86.27,22,3.92
15270,291.76,48,6.08
14188,138.18,71,1.95
18017,5.23,3,1.74
15421,141.73,53,2.67
17446,6.95,9,0.77
12414,154.26,18,8.57
14798,17.52,12,1.46
12990,26.65,13,2.05
12350,65.3,17,3.84
16992,366.12,95,3.85
17337,1264.35,548,2.31
16405,11.65,5,2.33
17071,501.34,148,3.39
13873,109.97,24,4.58
17362,104.69,35,2.99
13394,269.1,164,1.64
12502,944.51,147,6.43
16333,47.98,45,1.07
16030,67.1,29,2.31
14044,536.23,209,2.57
13800,84.28,33,2.55
17672,393,115,3.42
12464,343.15,29,11.83
13581,44.8,10,4.48
14540,293.53,76,3.86
13539,159.47,38,4.2
15885,102.35,18,5.69
14497,147.78,31,4.77
17507,234.23,88,2.66
13208,349.43,150,2.33
17334,15.3,12,1.28
13871,1268.26,338,3.75
16938,686.86,242,2.84
12754,132.5,65,2.04
12410,176.97,28,6.32
17929,46.35,6,7.73
14778,109.95,35,3.14
17517,27.92,11,2.54
17226,54.08,21,2.58
13137,1393.66,705,1.98
13725,495.55,118,4.2
13309,173.14,107,1.62
12842,147.23,34,4.33
16109,28.42,18,1.58
17291,7.65,1,7.65
15090,81.92,23,3.56
15199,59.8,13,4.6
13911,353.6,148,2.39
14194,2032.61,604,3.37
14842,1121.61,158,7.1
13584,99.95,24,4.16
17105,175.01,90,1.94
14438,14.35,9,1.59
12956,82.94,19,4.37
15781,85.3,21,4.06
14410,714.7,287,2.49
14600,134.07,25,5.36
17302,213.72,81,2.64
17613,851.32,319,2.67
13334,784.2,268,2.93
13955,99.53,33,3.02
17162,406.57,105,3.87
17774,531.59,157,3.39
13809,85.3,12,7.11
15407,596.19,153,3.9
15577,119.36,39,3.06
16332,427.63,154,2.78
14048,193.62,88,2.2
14475,163.59,47,3.48
17859,45.27,25,1.81
12576,214.55,89,2.41
15753,0.55,1,0.55
12599,185.77,62,3
14562,1555.62,446,3.49
16951,126.1,87,1.45
16998,19.63,6,3.27
13133,37.4,7,5.34
17881,36.25,8,4.53
15843,57.15,8,7.14
17083,107.73,52,2.07
15970,28.6,11,2.6
13590,166.39,89,1.87
17537,199.53,75,2.66
12401,48.4,5,9.68
12462,332.42,72,4.62
17843,118.59,37,3.21
13706,55.48,20,2.77
17940,3994.91,23,173.69
17686,1103.64,286,3.86
14431,123.88,22,5.63
15809,176.66,43,4.11
12561,47.43,16,2.96
14465,367.67,130,2.83
18093,63.07,38,1.66
16027,298.66,17,17.57
12857,190.55,46,4.14
16425,87.61,21,4.17
16842,202.9,64,3.17
15796,563.95,135,4.18
14555,63.23,21,3.01
15114,305.96,197,1.55
15133,64.15,29,2.21
17705,342.6,108,3.17
18087,857.87,7,122.55
12897,10.8,4,2.7
17512,210.16,106,1.98
15550,171.04,61,2.8
14676,76.96,44,1.75
12505,4.5,1,4.5
18159,115.1,23,5
14304,112.25,27,4.16
15638,9.75,2,4.88
12943,3.75,1,3.75
13875,203.68,104,1.96
15406,205.77,58,3.55
18084,3.24,2,1.62
17282,224.53,94,2.39
16434,355.08,109,3.26
17050,878.14,316,2.78
13171,227.65,48,4.74
17472,372.01,181,2.06
17255,150.09,78,1.92
16084,100.54,38,2.65
17667,425.15,117,3.63
12507,106.37,23,4.62
14631,97.74,41,2.38
13381,530.92,173,3.07
15236,24.58,15,1.64
13475,248.42,86,2.89
17829,77.57,30,2.59
13717,221.18,103,2.15
13157,166.45,89,1.87
14644,138.03,29,4.76
12993,57.72,27,2.14
17571,824.71,299,2.76
16979,327.12,91,3.59
16738,1.25,1,1.25
15122,279.05,87,3.21
17612,390.15,142,2.75
17348,364.46,215,1.7
13893,130.2,21,6.2
14035,185.48,66,2.81
13623,333.64,86,3.88
14346,276.14,60,4.6
16431,152.19,83,1.83
12616,145.95,36,4.05
16317,205.58,69,2.98
14935,26.22,10,2.62
16073,5.1,2,2.55
14477,20.71,11,1.88
14760,20.25,7,2.89
14897,278.71,55,5.07
15810,299.48,112,2.67
16509,99.1,13,7.62
14386,27.2,7,3.89
12455,285.6,90,3.17
14530,897.79,216,4.16
15670,37.8,12,3.15
12653,111.41,43,2.59
16126,427.44,117,3.65
14609,0.49,4,0.12
13414,44.17,24,1.84
12823,38.25,5,7.65
12352,2211.1,95,23.27
12372,156.07,52,3
16494,74.96,50,1.5
14959,95.34,61,1.56
16148,1.06,1,1.06
17422,226.28,135,1.68
17175,270.72,64,4.23
18257,421.08,123,3.42
12362,1083.29,274,3.95
13018,1003.49,459,2.19
13718,66.35,12,5.53
15382,755.8,306,2.47
14754,91.76,41,2.24
13151,424.76,75,5.66
12654,167.98,38,4.42
13085,100.88,29,3.48
15903,166.56,75,2.22
15785,282.74,87,3.25
18138,50.05,8,6.26
14379,99.44,46,2.16
14211,339.18,118,2.87
14371,15.1,4,3.78
13425,205.46,78,2.63
12852,70.9,20,3.55
15228,401.44,126,3.19
13012,361.4,107,3.38
16182,59.36,28,2.12
13489,19.84,14,1.42
12714,619.5,259,2.39
13904,34.42,26,1.32
15755,474.8,149,3.19
13932,97.65,16,6.1
13799,83.08,39,2.13
13951,136.08,39,3.49
16765,8.5,1,8.5
18172,619.69,197,3.15
16566,49.17,19,2.59
12891,1.1,3,0.37
16466,427.71,148,2.89
16115,669.36,284,2.36
14162,97.23,25,3.89
13301,213.65,81,2.64
14803,127.01,44,2.89
13744,122.92,72,1.71
12988,378.14,92,4.11
17323,294.51,204,1.44
12707,106.81,33,3.24
18094,150.87,70,2.16
15129,244.04,84,2.91
17361,140.18,29,4.83
18155,72.81,28,2.6
15321,388.63,106,3.67
13477,210.44,81,2.6
15065,799.39,158,5.06
16980,201.82,87,2.32
15146,143.32,95,1.51
12365,698,23,30.35
13410,74.44,30,2.48
13044,107.54,33,3.26
16441,79,24,3.29
16014,413.5,148,2.79
14520,12.83,4,3.21
17994,203.65,84,2.42
13038,77.23,28,2.76
17002,174.45,50,3.49
15722,235.93,72,3.28
16349,53.5,9,5.94
16913,16.57,8,2.07
18114,154.95,28,5.53
15303,119.06,31,3.84
12845,75.34,27,2.79
18188,178.11,72,2.47
16045,237.29,83,2.86
16573,170.29,46,3.7
13421,219.3,105,2.09
18196,311.27,141,2.21
13285,399.22,187,2.13
13184,337.93,183,1.85
18151,121.55,38,3.2
13804,422.44,137,3.08
17499,69.53,40,1.74
15397,29.6,6,4.93
14276,192.99,75,2.57
13453,77.29,17,4.55
16394,112.33,100,1.12
17711,56.42,23,2.45
13865,117.07,30,3.9
16940,634.03,305,2.08
14289,251.28,47,5.35
16208,208.51,66,3.16
17063,227.97,82,2.78
13149,247.84,86,2.88
18068,16.95,1,16.95
15932,184.75,119,1.55
16692,165.95,3,55.32
15590,30.19,1,30.19
17171,38.08,16,2.38
18231,470.27,126,3.73
14004,486.33,171,2.84
17139,1854.81,487,3.81
14513,46.37,18,2.58
13118,291.41,82,3.55
15974,498.34,177,2.82
17830,138.3,23,6.01
12565,24.11,10,2.41
12582,115.1,22,5.23
14231,235.28,54,4.36
17867,202.78,81,2.5
14880,175.69,47,3.74
15121,118.35,28,4.23
17117,35.7,9,3.97
12945,113.85,23,4.95
18056,71.4,19,3.76
16072,193.19,23,8.4
16838,287.37,26,11.05
15543,61.58,28,2.2
13751,31.77,9,3.53
15847,73.7,22,3.35
13851,181.35,81,2.24
13501,204.02,53,3.85
12633,327.28,103,3.18
13345,124.8,22,5.67
13870,398.33,118,3.38
17034,105.87,32,3.31
16592,494.95,222,2.23
15712,194.34,53,3.67
13362,586.13,169,3.47
14470,208.07,43,4.84
17388,70.47,15,4.7
16841,153.71,117,1.31
13753,62.8,35,1.79
13666,44.9,12,3.74
12361,33.35,10,3.34
14481,59.82,30,1.99
13792,46.1,13,3.55
17663,358.48,90,3.98
13973,41.32,11,3.76
15990,158.85,52,3.05
13493,103.17,8,12.9
13684,55.34,31,1.79
13261,49.4,9,5.49
16598,27.05,11,2.46
14147,24,6,4
15951,170.63,43,3.97
13971,354.1,158,2.24
17516,378,137,2.76
13630,168.67,80,2.11
14157,108.43,49,2.21
13636,239.73,64,3.75
13610,667.1,228,2.93
14745,117.45,70,1.68
12781,88.15,30,2.94
14036,166.13,38,4.37
16057,567.86,134,4.24
15724,43.5,12,3.63
12458,164.4,38,4.33
12598,376.07,133,2.83
13675,47.57,25,1.9
14227,525.57,183,2.87
16668,25.66,20,1.28
16667,189.82,53,3.58
13509,60.03,44,1.36
15874,759.63,137,5.54
16187,644.91,297,2.17
16339,105.15,20,5.26
12509,38.95,7,5.56
14046,7.57,14,0.54
13292,115.73,31,3.73
16427,13.4,9,1.49
14056,3172.58,1128,2.81
15656,207.33,47,4.41
12811,127.8,31,4.12
16518,97.58,42,2.32
17165,30.67,10,3.07
17462,109.18,28,3.9
14620,92.23,30,3.07
14740,276.51,93,2.97
16462,34,4,8.5
12428,1418.79,300,4.73
16078,4.95,1,4.95
16915,302.11,57,5.3
15676,706.53,216,3.27
15709,14.49,6,2.42
15241,212.97,111,1.92
12933,281.83,107,2.63
15092,139.83,26,5.38
12679,215.13,56,3.84
15319,51.86,16,3.24
16212,190.24,43,4.42
15257,301.7,8,37.71
14656,221.48,80,2.77
13884,212.35,60,3.54
12866,114.81,26,4.42
13166,99.3,42,2.36
16389,96.12,35,2.75
15416,637.15,193,3.3
15733,43.5,10,4.35
16678,325.97,170,1.92
12834,88.09,18,4.89
13722,251.42,86,2.92
14934,313.64,88,3.56
15067,259.3,82,3.16
16128,215.83,89,2.43
17770,183.43,38,4.83
15622,944.23,214,4.41
14473,28.75,7,4.11
15104,399.29,71,5.62
15643,208.24,36,5.78
16792,48.02,12,4
15031,351.33,111,3.17
15636,79.28,25,3.17
12873,16.15,4,4.04
17923,4.15,1,4.15
16217,81.01,19,4.26
17738,361.14,99,3.65
17426,818.23,272,3.01
16957,53.27,16,3.33
16571,237.82,106,2.24
14483,20.62,10,2.06
15087,30.54,15,2.04
16709,429.7,79,5.44
17856,56.55,17,3.33
15053,111.97,71,1.58
18218,43.97,24,1.83
16159,26.2,14,1.87
17995,3.37,2,1.69
17374,198.79,28,7.1
17789,55.6,14,3.97
17416,635.91,271,2.35
17652,927.56,270,3.44
13476,655.84,61,10.75
12817,48.29,4,12.07
15393,18.94,12,1.58
13014,649.72,124,5.24
17508,35.69,22,1.62
13931,120.32,59,2.04
12541,188.02,52,3.62
13382,41.28,15,2.75
15220,303.58,119,2.55
14570,97.79,29,3.37
14447,180.36,70,2.58
13557,50.23,34,1.48
16449,145.47,43,3.38
12547,63.6,8,7.95
17325,9.8,6,1.63
14995,158.78,61,2.6
16414,49.45,7,7.06
15681,135.22,67,2.02
14670,215.49,132,1.63
15675,60.46,21,2.88
12584,938.1,126,7.45
17535,19.15,13,1.47
15400,26.9,13,2.07
14903,1022.29,364,2.81
14499,380.25,194,1.96
18211,102.98,42,2.45
14504,372.65,107,3.48
15572,783.38,215,3.64
17107,1401.98,421,3.33
14247,78.24,20,3.91
15554,67.35,14,4.81
14915,49.57,13,3.81
16136,98.26,37,2.66
18280,47.65,10,4.77
12614,112.2,20,5.61
13344,596.01,119,5.01
16621,133.14,29,4.59
16225,320.71,134,2.39
14214,160.98,70,2.3
14012,31.15,11,2.83
16356,69.69,32,2.18
17654,69.45,22,3.16
15026,132.95,61,2.18
16517,49.05,17,2.89
14817,222.48,63,3.53
17092,282.35,125,2.26
16242,715.28,295,2.42
15869,32.13,15,2.14
17817,301.9,33,9.15
15234,23.56,14,1.68
15764,532.9,188,2.83
15806,62.13,31,2
15819,246.2,123,2
14586,17.42,27,0.65
15944,30.5,6,5.08
13340,369.87,134,2.76
16917,34.86,9,3.87
14407,305.89,76,4.02
13908,360.74,126,2.86
12758,164.96,97,1.7
13975,747.65,340,2.2
14730,1265.42,501,2.53
12623,47.32,18,2.63
14367,1700.53,533,3.19
13373,516.67,158,3.27
16712,1327.62,447,2.97
17639,38.6,7,5.51
16426,776.24,372,2.09
16495,312.16,97,3.22
14336,145.36,90,1.62
14507,307.04,98,3.13
12759,305.47,95,3.22
17049,1285.37,322,3.99
15206,24.15,9,2.68
14013,46.98,34,1.38
14645,108.66,30,3.62
15071,120.84,26,4.65
14112,461.93,173,2.67
13026,36.69,43,0.85
12881,230.8,7,32.97
17864,184.08,102,1.8
14936,1358.79,366,3.71
17138,117.75,24,4.91
16572,220.38,58,3.8
14165,80.94,25,3.24
15367,285.5,96,2.97
14291,624.46,238,2.62
15632,486.02,177,2.75
14297,156.57,64,2.45
13899,57.59,19,3.03
16471,29.85,13,2.3
18183,155.31,44,3.53
14603,3.3,2,1.65
18173,83.88,31,2.71
14854,379.48,131,2.9
16625,62.96,23,2.74
14064,128.41,82,1.57
15308,84.84,21,4.04
18086,10.36,7,1.48
14350,46.45,21,2.21
14930,532.86,128,4.16
16080,19.61,11,1.78
14727,70.84,10,7.08
16778,37.84,16,2.37
14077,111.97,42,2.67
16808,53.64,23,2.33
16475,143.1,28,5.11
13265,215.91,91,2.37
12520,526.09,155,3.39
15049,5.49,3,1.83
18149,44.04,16,2.75
13654,419.43,166,2.53
16652,503.24,123,4.09
16766,96.4,34,2.84
16801,733.67,121,6.06
17164,359.27,145,2.48
13226,43.39,16,2.71
13043,88.79,14,6.34
14352,181.7,47,3.87
17351,154.59,27,5.73
16768,233.41,58,4.02
16693,260.99,60,4.35
13956,520.25,152,3.42
13708,104.93,51,2.06
15918,100.57,40,2.51
15671,205.76,81,2.54
14962,32.7,5,6.54
16807,172.2,67,2.57
15125,498.05,140,3.56
16871,507.55,139,3.65
12901,189.19,125,1.51
13452,590,2,295
15493,1337.49,299,4.47
16005,517.44,218,2.37
15388,20.63,10,2.06
16804,192.85,60,3.21
13499,95.83,45,2.13
15047,49.94,22,2.27
14193,114.41,42,2.72
17542,64.6,25,2.58
17080,31.17,9,3.46
16392,89.63,45,1.99
15106,256.96,102,2.52
16214,199.12,44,4.53
13716,29.81,21,1.42
15150,1005.05,344,2.92
16061,29.95,1,29.95
14226,221.88,73,3.04
13121,88.64,53,1.67
16297,62.78,23,2.73
12994,304.81,73,4.18
16152,173.31,29,5.98
14636,85.07,28,3.04
16040,254.24,65,3.91
15793,53.82,13,4.14
13358,145.19,29,5.01
12849,147.62,51,2.89
15182,86.25,29,2.97
13299,23.75,5,4.75
16383,232.91,102,2.28
15381,49.6,8,6.2
12597,852.51,214,3.98
15030,20.81,7,2.97
12435,197.25,36,5.48
12955,310.94,183,1.7
18189,226.34,69,3.28
13946,18.47,11,1.68
17716,643.21,254,2.53
13185,5.95,1,5.95
14840,12.2,4,3.05
13216,7.24,5,1.45
13650,316.14,98,3.23
13533,146.93,76,1.93
13268,703.37,447,1.57
15433,66.29,53,1.25
12937,284.6,120,2.37
17603,1156.89,15,77.13
16216,332.69,37,8.99
16377,2.67,5,0.53
16976,12.01,2,6.01
12514,168.14,51,3.3
18210,482.01,134,3.6
13631,74.72,12,6.23
14422,623.87,222,2.81
15648,129.45,28,4.62
17725,527.08,198,2.66
15861,1186.67,547,2.17
13072,23.45,7,3.35
15695,63.52,22,2.89
14110,372.77,157,2.37
14059,18.5,8,2.31
16672,431.08,117,3.68
16511,512.53,169,3.03
16256,35.38,14,2.53
13591,230.8,58,3.98
14066,30.55,7,4.36
15483,143.71,88,1.63
16626,749.16,184,4.07
15019,155.98,70,2.23
18270,59.1,13,4.55
14315,381.06,104,3.66
17921,340.56,145,2.35
14041,39.29,21,1.87
17060,8.86,5,1.77
16023,316.06,101,3.13
17133,57.27,27,2.12
12878,98.03,49,2
14155,32.7,6,5.45
17043,320.65,102,3.14
13046,215,35,6.14
14633,108.05,20,5.4
12948,347.7,118,2.95
15703,14.65,5,2.93
14071,792.43,333,2.38
17134,130.8,24,5.45
17795,88.6,46,1.93
12902,56.19,10,5.62
16444,215.45,86,2.51
14232,213.46,118,1.81
14693,27.8,8,3.48
12407,251.59,77,3.27
16728,619.95,269,2.3
16096,159.23,12,13.27
13985,840.09,353,2.38
13592,100.16,16,6.26
15140,213.47,81,2.64
12843,368.41,108,3.41
14408,202.5,107,1.89
15408,152.19,34,4.48
15445,27.75,5,5.55
15452,150.21,58,2.59
14223,241.94,61,3.97
16619,48.36,16,3.02
14762,28.02,21,1.33
13934,98.8,31,3.19
15669,111.4,35,3.18
16384,115.6,33,3.5
18224,30.6,10,3.06
14245,348.95,112,3.12
17678,35.77,16,2.24
15855,150.88,80,1.89
16036,117.35,55,2.13
17763,1.25,1,1.25
13262,34.02,11,3.09
17152,58.06,16,3.63
14632,20.32,8,2.54
13900,133.89,43,3.11
14875,222.34,50,4.45
15132,107.26,52,2.06
17272,215.95,116,1.86
16135,72.3,21,3.44
12831,27.6,9,3.07
15437,128.04,45,2.85
16809,231.68,150,1.54
14711,1703.02,359,4.74
14377,100.65,11,9.15
16374,284.55,111,2.56
13196,275.86,110,2.51
15457,109.19,58,1.88
12613,477.71,163,2.93
16721,87.44,37,2.36
12399,124.76,59,2.11
17733,103.57,35,2.96
17102,12.75,1,12.75
15410,474.07,122,3.89
13239,33.41,22,1.52
15449,117.37,62,1.89
14870,39.6,13,3.05
13821,194.21,59,3.29
17096,235.86,52,4.54
12604,41.46,16,2.59
12818,101.77,16,6.36
18191,28.15,7,4.02
14461,669.93,180,3.72
13132,14.8,3,4.93
16859,229.56,72,3.19
15245,167,89,1.88
17486,69.51,24,2.9
16308,1.28,4,0.32
12564,117.1,21,5.58
14607,251.64,114,2.21
13249,78.91,23,3.43
15644,424.1,238,1.78
14075,77.97,43,1.81
17250,171.8,57,3.01
17966,101.28,68,1.49
14129,142.19,52,2.73
15651,69.07,32,2.16
13035,55.34,30,1.84
13341,175.65,42,4.18
13512,62.03,15,4.14
16620,26.26,9,2.92
17698,17.1,8,2.14
14267,287.71,66,4.36
13736,422.99,194,2.18
16022,251.48,76,3.31
14235,163.67,80,2.05
16769,187.75,40,4.69
17754,91.7,93,0.99
12408,353.48,113,3.13
16063,51.58,23,2.24
15178,4.05,3,1.35
14348,53.32,18,2.96
15815,105.86,49,2.16
13695,238.22,90,2.65
17979,351.31,147,2.39
13139,607.41,174,3.49
12545,201.19,50,4.02
14758,472.69,71,6.66
14536,91.8,19,4.83
13662,192.52,58,3.32
17946,62.89,20,3.14
13743,47.38,42,1.13
18078,86.58,29,2.99
16780,155.58,60,2.59
18273,7.65,3,2.55
15045,95.78,13,7.37
17625,799.97,315,2.54
13357,262.57,90,2.92
16777,180.19,50,3.6
14476,62.15,19,3.27
16245,310.35,93,3.34
12669,2524.18,102,24.75
12792,87.74,25,3.51
17765,221.01,57,3.88
15083,33.35,5,6.67
18010,70.2,14,5.01
15249,997.1,358,2.79
13760,113.12,57,1.98
15624,124.31,34,3.66
17749,160.71,35,4.59
15068,265.8,104,2.56
14538,63.06,19,3.32
14851,64.88,28,2.32
14021,99.05,22,4.5
13037,183.43,48,3.82
18177,141.19,75,1.88
14128,87.17,46,1.9
17874,189.99,47,4.04
17719,1240.3,278,4.46
17931,199.51,65,3.07
13803,49.69,17,2.92
17398,183.98,38,4.84
15906,515.11,151,3.41
16253,211.63,124,1.71
13439,93.17,54,1.73
12888,41.53,7,5.93
13588,249.35,180,1.39
12456,461.37,129,3.58
15521,800.92,200,4
13720,136.7,43,3.18
15674,1065.22,135,7.89
17594,97.05,50,1.94
17775,2.35,3,0.78
13988,719.25,239,3.01
16657,327.64,208,1.58
15424,29.56,17,1.74
13316,380.09,88,4.32
16788,358.65,155,2.31
16584,83.51,31,2.69
15364,57.36,29,1.98
18108,86.45,19,4.55
14272,74.83,33,2.27
15980,89.12,43,2.07
15832,124.75,54,2.31
16092,116.52,53,2.2
15528,67.8,26,2.61
16398,508.36,86,5.91
17088,438.04,115,3.81
17438,96.25,19,5.07
13060,59.74,15,3.98
14790,68,46,1.48
14890,20.35,7,2.91
16386,145.99,88,1.66
14818,180.07,48,3.75
13571,588.83,341,1.73
12909,642.61,96,6.69
12619,1030.57,95,10.85
16698,11.85,5,2.37
16681,85.39,44,1.94
13573,92.23,26,3.55
14957,20.89,12,1.74
13918,65.56,30,2.19
17212,5.54,4,1.39
17781,66.68,12,5.56
14886,56.3,18,3.13
13626,40.67,19,2.14
16609,999.88,280,3.57
16180,430.65,176,2.45
13462,38.75,10,3.88
18263,60.61,62,0.98
16960,203.76,101,2.02
13841,0.85,1,0.85
17701,138.1,24,5.75
12949,625.61,219,2.86
14852,437.1,143,3.06
12569,1061.65,191,5.56
13169,49.17,13,3.78
16162,18.7,2,9.35
15691,3.8,2,1.9
14195,42.8,8,5.35
13781,77.47,17,4.56
17758,978.7,412,2.38
14023,89,31,2.87
17669,126.32,68,1.86
16142,106.44,37,2.88
17648,511.77,92,5.56
13059,41.75,8,5.22
16224,235.51,96,2.45
15223,122.61,32,3.83
17886,325.73,109,2.99
13294,199.2,54,3.69
15289,71.97,59,1.22
18185,61.65,17,3.63
17956,12.75,1,12.75
15756,475.63,192,2.48
14747,121.35,19,6.39
14719,569.33,238,2.39
13015,886.26,176,5.04
16586,37.45,8,4.68
16105,15.34,13,1.18
14546,1142.54,417,2.74
15442,9.9,2,4.95
16906,304.06,93,3.27
14535,837.32,333,2.51
16170,262.97,127,2.07
15244,79.58,34,2.34
16696,39.3,10,3.93
15145,228.72,67,3.41
17492,42.28,12,3.52
13525,23.41,6,3.9
17409,99.13,13,7.63
17783,128.82,67,1.92
13863,53.8,22,2.45
13515,127.76,59,2.17
15917,61.8,12,5.15
17440,5.28,8,0.66
17045,109.3,22,4.97
17140,50.05,20,2.5
15201,158.28,97,1.63
14964,44.26,13,3.4
16031,278.97,100,2.79
14403,174.57,26,6.71
17042,178.63,98,1.82
13771,315.33,120,2.63
17906,45.9,12,3.83
18272,391.16,170,2.3
16144,10.95,1,10.95
13731,163,38,4.29
12580,62.58,24,2.61
14912,80.94,28,2.89
15530,307.1,108,2.84
13950,168.89,36,4.69
13752,233.33,76,3.07
13892,29.95,27,1.11
14446,538.63,293,1.84
16209,114.26,46,2.48
15754,77.72,29,2.68
13712,12.35,10,1.24
15800,322.81,119,2.71
16469,528.68,182,2.9
13005,157.9,29,5.44
14981,11.68,8,1.46
17928,68.74,23,2.99
16261,415.34,124,3.35
17883,333.43,145,2.3
14619,104.9,22,4.77
13995,192.42,87,2.21
16643,98.17,27,3.64
14246,223.01,75,2.97
18040,58.35,19,3.07
16837,696.76,166,4.2
15119,108.2,14,7.73
16325,71.93,20,3.6
14924,156.65,10,15.67
15109,182.9,31,5.9
16623,15.95,5,3.19
12999,71.38,28,2.55
12717,306.85,56,5.48
13962,77.21,11,7.02
18036,181.64,96,1.89
14958,245.73,42,5.85
13562,314.65,82,3.84
15775,17.3,7,2.47
17054,397.28,84,4.73
17268,6.04,6,1.01
13548,349.05,124,2.81
13508,62.31,12,5.19
12447,92.93,26,3.57
13570,56.77,27,2.1
13232,678.35,207,3.28
18129,40.95,14,2.93
13632,467.59,147,3.18
15665,262.53,116,2.26
17550,125.08,42,2.98
15655,134.78,37,3.64
14286,439.81,285,1.54
16188,148.86,67,2.22
12656,582.23,130,4.48
15214,266.37,110,2.42
17574,26.53,8,3.32
15737,328.68,81,4.06
18080,3.8,2,1.9
14311,147.77,27,5.47
14339,35.19,18,1.96
12982,59.28,34,1.74
12701,163.81,53,3.09
12596,118.95,27,4.41
14273,72.06,29,2.48
12363,53.17,23,2.31
13549,182.22,52,3.5
15414,125.25,39,3.21
13203,131.33,57,2.3
14628,109.09,24,4.55
14326,26.65,9,2.96
15935,327.54,12,27.3
13655,186.46,56,3.33
12910,156.96,75,2.09
13577,259.15,85,3.05
15251,473.14,121,3.91
14111,41.05,11,3.73
17160,377.4,229,1.65
16172,133.38,69,1.93
17972,131.14,31,4.23
12463,269.91,88,3.07
14844,406.01,130,3.12
17278,71.3,15,4.75
15212,29.55,7,4.22
16729,1559.1,668,2.33
14998,183.93,75,2.45
13484,60,8,7.5
16697,97.45,21,4.64
14931,791.06,42,18.83
18236,164.8,49,3.36
13740,36.71,23,1.6
16454,19,3,6.33
15230,40.98,23,1.78
15134,167.96,73,2.3
16309,121.46,44,2.76
13544,256.08,87,2.94
14262,298.97,143,2.09
13134,328.79,105,3.13
17589,550.23,253,2.17
16097,53.6,10,5.36
13122,145.01,55,2.64
16966,42.72,31,1.38
17746,42.15,8,5.27
16175,208.37,58,3.59
14834,265.03,70,3.79
16348,673.77,235,2.87
15147,88.5,29,3.05
16131,253.01,78,3.24
15813,151,40,3.78
17058,233.45,62,3.77
17704,121.48,31,3.92
16933,156.87,49,3.2
13772,436.11,177,2.46
16249,240.34,69,3.48
14198,204.44,44,4.65
13989,107.64,41,2.63
17930,57.82,39,1.48
14154,410.44,52,7.89
14482,351.7,144,2.44
14163,246.38,52,4.74
14105,221.79,76,2.92
17601,14.51,9,1.61
17142,287.8,15,19.19
13811,564,14,40.29
12457,352.37,68,5.18
15135,38.3,10,3.83
16806,294.48,103,2.86
13952,546.541,138,3.96
13120,2.55,1,2.55
12769,142.6,32,4.46
13516,129.7,44,2.95
14323,123.92,41,3.02
18079,113.77,127,0.9
12639,108.2,22,4.92
14700,272.2,115,2.37
15027,146.5,37,3.96
17367,64.47,34,1.9
18213,22.52,15,1.5
17029,3.58,2,1.79
13220,95.17,21,4.53
15985,67.77,38,1.78
16193,44.6,19,2.35
15172,229.67,110,2.09
13692,159.17,55,2.89
15745,277.59,65,4.27
17582,61.89,29,2.13
13474,148.65,64,2.32
17697,96.6,19,5.08
16639,183.12,52,3.52
16947,54.83,21,2.61
15491,600.31,155,3.87
16617,19.55,5,3.91
15265,375.1,82,4.57
16226,14.14,8,1.77
18009,134.96,33,4.09
16399,201.93,73,2.77
14623,415.65,135,3.08
15625,109.51,68,1.61
18064,15.73,7,2.25
15508,312.12,92,3.39
16628,288.47,119,2.42
13647,270.21,80,3.38
15594,329.62,104,3.17
13479,79.65,16,4.98
13735,849.09,208,4.08
13376,285.13,53,5.38
15717,17.3,7,2.47
13719,195.96,60,3.27
16633,713.18,153,4.66
13101,23.74,8,2.97
15225,79.35,23,3.45
14152,56.88,50,1.14
12733,74.2,22,3.37
15436,703.66,329,2.14
17217,33.45,9,3.72
17734,124.57,43,2.9
14905,41.78,18,2.32
14148,22.65,3,7.55
16103,221.15,48,4.61
14626,434.96,126,3.45
14868,422.2,147,2.87
18246,18.84,4,4.71
13485,55.78,23,2.43
15517,48.81,27,1.81
17115,201.51,43,4.69
17120,79.13,18,4.4
16611,46.37,11,4.22
15912,39.82,19,2.1
12506,73.5,23,3.2
12670,301,94,3.2
17588,119.67,23,5.2
14759,550.2,102,5.39
16185,102.37,31,3.3
13505,770.46,227,3.39
13389,196.09,51,3.84
12354,261.22,58,4.5
17631,144.8,39,3.71
17061,512.47,101,5.07
17718,25.15,6,4.19
17630,203.45,26,7.83
13223,9.8,5,1.96
16146,60.74,29,2.09
17109,283.34,121,2.34
16587,87.2,13,6.71
12622,63.13,11,5.74
16750,362.34,95,3.81
13482,26.83,11,2.44
14512,106.07,23,4.61
17670,28.5,11,2.59
16834,36.15,24,1.51
15108,294.05,61,4.82
16942,849.7,283,3
14640,439.38,113,3.89
16823,124.38,38,3.27
15237,249.52,99,2.52
12573,58.7,28,2.1
17854,53.79,15,3.59
18220,4.62,4,1.16
17436,21.85,9,2.43
16965,60.73,26,2.34
12840,237.56,116,2.05
15891,164.41,62,2.65
17187,37.65,10,3.77
13637,238.95,101,2.37
17991,24.55,5,4.91
16418,383.75,102,3.76
16099,72.87,39,1.87
15768,253.28,28,9.05
16637,195.21,72,2.71
14240,144.47,42,3.44
15143,39.67,14,2.83
13229,40.6,10,4.06
14973,680.31,32,21.26
14271,24.91,10,2.49
15952,298.08,91,3.28
16227,22.83,7,3.26
17893,33.52,16,2.1
14022,36.27,28,1.3
15210,126.82,20,6.34
16370,657.72,228,2.88
15376,338.75,117,2.9
14655,133.74,50,2.67
17615,54.75,14,3.91
16055,71.9,8,8.99
14149,123.94,40,3.1
17501,62.9,18,3.49
14191,533.06,263,2.03
13282,186.07,40,4.65
15582,105.47,44,2.4
16230,68.27,35,1.95
18146,19.5,10,1.95
15976,235.95,98,2.41
17443,1.06,1,1.06
12886,322.07,86,3.75
17974,362.34,179,2.02
13524,93.56,27,3.47
17955,106.99,19,5.63
15128,242.05,111,2.18
16610,7.78,6,1.3
17394,13.77,4,3.44
14173,126.93,29,4.38
16258,409.61,135,3.03
14948,179.71,64,2.81
17384,48.74,15,3.25
16990,1.79,1,1.79
13762,17.64,14,1.26
12593,55.7,21,2.65
14340,17.6,6,2.93
17429,88.65,42,2.11
13711,49.14,13,3.78
14515,282.58,101,2.8
16457,24.03,9,2.67
17527,171.86,49,3.51
14199,11.8,2,5.9
13888,164.87,40,4.12
14423,5.95,3,1.98
14697,71.22,22,3.24
17522,141.95,73,1.94
13867,240.59,61,3.94
17624,147.9,50,2.96
14393,26.95,5,5.39
17578,6.82,6,1.14
13450,109.35,71,1.54
17423,61.38,28,2.19
18241,342.14,105,3.26
15668,1.06,1,1.06
16319,16.85,3,5.62
15757,122.83,45,2.73
17174,6.65,4,1.66
13365,413.51,132,3.13
18227,43.25,5,8.65
14145,59.4,12,4.95
18235,223.23,104,2.15
13741,179.77,35,5.14
12394,91.01,27,3.37
16832,97,12,8.08
15258,191.68,34,5.64
15552,30.33,17,1.78
18170,161.4,38,4.25
13723,31.7,6,5.28
14005,185.24,84,2.21
15561,143.02,31,4.61
16121,416.62,212,1.97
18142,27.57,18,1.53
13642,214.58,66,3.25
15117,177.87,80,2.22
13561,49.65,14,3.55
15704,377.56,117,3.23
16007,687.66,385,1.79
16232,93.05,38,2.45
17410,223.33,64,3.49
13835,176.03,55,3.2
13427,47.85,29,1.65
14353,8.2,6,1.37
12700,738.13,270,2.73
13003,13.5,6,2.25
16756,47.56,13,3.66
13492,225.08,50,4.5
16440,625.77,282,2.22
18120,68.55,17,4.03
12355,54.65,13,4.2
17723,40.7,10,4.07
14699,17.69,8,2.21
12821,14.99,6,2.5
13055,196.1,78,2.51
13320,201.59,110,1.83
16357,155.71,34,4.58
18242,255.83,78,3.28
15865,224.44,40,5.61
17597,186.96,55,3.4
14397,194.75,95,2.05
13242,27.04,13,2.08
12684,266.28,105,2.54
14288,60.85,17,3.58
15063,42.85,5,8.57
12592,59.6,18,3.31
14591,553.71,197,2.81
13990,42.56,16,2.66
12749,1171.5,231,5.07
16320,138.91,56,2.48
14691,260.32,71,3.67
16229,158.15,47,3.36
14920,214.63,57,3.77
17489,31.23,29,1.08
13404,31.91,11,2.9
15729,24.5,6,4.08
16644,95.35,62,1.54
14731,94.6,45,2.1
14277,872.14,228,3.83
15187,291.2,93,3.13
13052,59.29,18,3.29
18133,0.85,2,0.43
17664,82.42,43,1.92
14649,507.05,199,2.55
13235,1087.33,59,18.43
14883,69.66,54,1.29
12976,33.76,22,1.53
14681,50.45,7,7.21
14421,71.15,27,2.64
16116,158.44,35,4.53
14988,101.87,40,2.55
15489,163.65,55,2.98
14364,208.8,69,3.03
16006,12.62,8,1.58
16184,183.61,46,3.99
17932,246.56,90,2.74
18221,170.82,65,2.63
12590,718.66,70,10.27
14853,63.85,10,6.39
17658,54.08,23,2.35
17764,236.59,75,3.15
14651,295.48,102,2.9
14000,29.89,16,1.87
13601,184.38,99,1.86
12757,8035.24,377,21.31
17970,91.94,31,2.97
12770,31.5,12,2.63
15826,223.19,69,3.23
15907,644.97,249,2.59
12695,129.21,27,4.79
14342,75,24,3.13
14873,139.84,28,4.99
14689,28.35,13,2.18
15440,145,62,2.34
16076,329.49,131,2.52
15333,47.42,16,2.96
16283,406.15,168,2.42
17263,46.26,23,2.01
16877,401.6,159,2.53
12674,290.68,91,3.19
16642,120.77,35,3.45
12871,23.22,11,2.11
14038,179.38,93,1.93
14489,53.31,30,1.78
14888,44.2,20,2.21
17190,428.96,20,21.45
13456,228.95,65,3.52
17898,41.48,28,1.48
13976,35.68,10,3.57
16139,85.97,31,2.77
15730,213.98,73,2.93
16266,240.03,61,3.93
15123,323.67,106,3.05
17505,153.57,52,2.95
12690,88.43,16,5.53
16446,7.06,4,1.77
17556,28.67,6,4.78
14583,658.83,330,2
16818,506.46,191,2.65
13572,148.58,33,4.5
14009,122.31,44,2.78
13258,139.22,38,3.66
14463,35.86,6,5.98
13192,165.61,63,2.63
16987,612.11,129,4.75
13417,177.98,28,6.36
17047,229.9,65,3.54
15116,124.3,45,2.76
17469,278.96,90,3.1
16647,45.51,14,3.25
15630,175.58,61,2.88
17245,26.15,9,2.91
16008,69.68,33,2.11
17871,21.32,10,2.13
13529,83.98,15,5.6
12620,197.6,92,2.15
15599,98.23,52,1.89
16813,785.95,449,1.75
14859,182.19,59,3.09
16463,170.89,85,2.01
15791,252.47,76,3.32
13658,500.15,112,4.47
13887,73.23,19,3.85
12353,24.3,4,6.08
14551,47.02,10,4.7
17166,49.28,14,3.52
17926,66.26,21,3.16
13391,14.95,1,14.95
17455,22.6,8,2.83
13308,180.93,57,3.17
13856,22.99,17,1.35
13243,209.81,58,3.62
15095,124.14,49,2.53
18048,10.5,7,1.5
18287,104.55,70,1.49
18150,85.97,37,2.32
16690,58.79,13,4.52
13555,324.8,136,2.39
16038,96.64,28,3.45
13972,38.19,15,2.55
13227,23.4,9,2.6
13657,47.89,16,2.99
17176,41.59,15,2.77
14837,192.66,110,1.75
14682,1.3,2,0.65
14921,154.06,78,1.98
16341,149.55,84,1.78
14647,71.16,30,2.37
12710,227.77,79,2.88
15292,115.82,25,4.63
15705,36.3,6,6.05
13339,282.72,54,5.24
13885,110.9,28,3.96
12360,457.91,129,3.55
13546,216.02,98,2.2
17715,0.85,1,0.85
18160,142.63,39,3.66
15434,205.76,59,3.49
15734,125.94,26,4.84
13737,115.46,30,3.85
13213,246.39,92,2.68
18018,110.53,29,3.81
15314,41.13,24,1.71
17521,88.58,46,1.93
15042,27.93,5,5.59
12863,25.37,6,4.23
16091,51.15,18,2.84
15804,1121.76,274,4.09
14593,313.6,152,2.06
14287,23.07,11,2.1
16763,124.3,24,5.18
14705,1.79,1,1.79
12562,535.62,168,3.19
12815,253.87,47,5.4
14522,43.04,17,2.53
16448,58.39,20,2.92
14584,354.66,101,3.51
12974,61.6,8,7.7
12987,184.8,30,6.16
14816,265.9,4,66.48
15852,73.81,22,3.36
16624,147.54,48,3.07
12493,111.75,23,4.86
18232,148.32,40,3.71
18073,285.61,76,3.76
16369,274.59,118,2.33
14280,37.87,8,4.73
13135,0.72,1,0.72
17345,239.01,87,2.75
16275,144.77,33,4.39
14338,128.91,34,3.79
15402,147.32,42,3.51
12876,191.63,85,2.25
16323,4.15,1,4.15
12426,118.09,30,3.94
14451,214.68,109,1.97
14823,296.43,70,4.23
15897,50.21,24,2.09
17051,78.32,43,1.82
15925,34.75,12,2.9
12787,79.96,20,4
15863,66.76,18,3.71
16483,83.8,19,4.41
13398,89.17,26,3.43
13070,18.72,9,2.08
14819,53.69,13,4.13
12790,82.92,21,3.95
15163,70.68,29,2.44
18204,524.26,202,2.6
15124,33.07,15,2.2
12473,2437.84,179,13.62
16969,100.05,42,2.38
14597,81.18,55,1.48
13917,36.4,18,2.02
13062,75.01,11,6.82
16484,86.33,26,3.32
15184,201.53,63,3.2
18135,46.15,20,2.31
14453,83.1,22,3.78
17900,28.3,11,2.57
13437,816.46,167,4.89
12517,671.48,286,2.35
16529,93.6,30,3.12
17531,60.99,15,4.07
16239,50.1,21,2.39
14500,43.5,7,6.21
16117,73.47,30,2.45
13248,69.87,26,2.69
16967,23.95,21,1.14
15405,28.8,8,3.6
16659,1.24,2,0.62
16880,665.83,178,3.74
13435,304.36,103,2.95
13131,154.11,46,3.35
14891,54.53,33,1.65
16682,53.09,30,1.77
15453,727.96,286,2.55
16963,23.4,7,3.34
13682,21.25,3,7.08
15152,982.32,278,3.53
15462,17.05,11,1.55
12449,705.69,191,3.69
15349,211.7,72,2.94
16849,40.84,8,5.11
12802,64.25,26,2.47
15073,195.62,76,2.57
16298,109.92,27,4.07
12535,151.35,34,4.45
18248,197.17,49,4.02
15386,42.98,31,1.39
17252,241.24,87,2.77
14542,27.05,5,5.41
16825,92.63,28,3.31
12380,355.63,105,3.39
18072,43.59,36,1.21
13643,67.05,28,2.39
15969,162.45,21,7.74
13283,9.15,7,1.31
17015,307.52,217,1.42
14375,140.92,75,1.88
17124,109.94,32,3.44
17987,11.82,13,0.91
13395,57.2,21,2.72
17828,474.14,82,5.78
15743,412.18,88,4.68
17414,2.55,6,0.43
14622,67.46,21,3.21
15609,93.84,18,5.21
14561,137.01,69,1.99
16872,67.77,7,9.68
16358,208.38,110,1.89
15238,249.58,52,4.8
13466,58.26,18,3.24
17360,373.55,132,2.83
13510,277.58,117,2.37
12406,305.99,108,2.83
14241,19.55,10,1.96
14132,346.5,201,1.72
14963,450.51,198,2.28
17169,170.11,60,2.84
15252,90.76,44,2.06
17731,454.67,83,5.48
16113,79.53,30,2.65
12694,144.36,37,3.9
16107,135.31,31,4.36
17483,68.56,21,3.26
15679,121.48,110,1.1
13686,9.3,8,1.16
16581,16.57,11,1.51
15267,20.19,11,1.84
17234,51.77,14,3.7
17797,283.36,111,2.55
16614,123.67,26,4.76
12409,402.04,114,3.53
15411,413.56,100,4.14
14178,556.92,327,1.7
15098,40278.9,5,8055.78
18281,39.36,7,5.62
14984,177.97,41,4.34
12516,70.87,26,2.73
17265,295.68,127,2.33
13617,122.75,44,2.79
17242,85.91,40,2.15
17289,251.17,112,2.24
16018,92.51,28,3.3
14704,926.51,415,2.23
16794,515.54,287,1.8
13761,206.46,70,2.95
13517,417.65,143,2.92
13936,42.64,27,1.58
16342,84.05,15,5.6
14177,187.51,43,4.36
12732,42.27,12,3.52
16205,218.02,98,2.22
15036,267.73,127,2.11
13589,140.73,21,6.7
17579,132.5,52,2.55
15069,316.64,70,4.52
17349,27.79,9,3.09
13080,3.47,6,0.58
13663,58.5,13,4.5
14503,437.26,164,2.67
16774,120.32,49,2.46
13384,496.98,155,3.21
17101,121.01,42,2.88
14997,16.58,27,0.61
17155,51.36,20,2.57
12809,115.18,26,4.43
16461,134.44,33,4.07
13343,141.33,22,6.42
12624,147.14,38,3.87
18165,12.38,10,1.24
17536,38.25,3,12.75
16324,251.41,118,2.13
17651,501.24,239,2.1
14222,69.98,41,1.71
15585,70.19,31,2.26
17490,256.03,86,2.98
16739,48.2,16,3.01
16276,11.95,6,1.99
17193,84.42,35,2.41
16257,46.95,2,23.48
14285,130.15,27,4.82
17642,93.73,40,2.34
12816,256.15,29,8.83
13826,72.15,12,6.01
13575,98.8,46,2.15
17157,41.4,15,2.76
16852,74.84,9,8.32
15219,88.95,9,9.88
15014,60.66,35,1.73
14765,116.09,39,2.98
16869,299.19,129,2.32
15909,13.02,7,1.86
13618,13.46,13,1.04
16050,25.85,10,2.59
17879,21.83,6,3.64
17562,123.25,64,1.93
15334,148.14,99,1.5
12450,12.94,8,1.62
13568,132.05,44,3
14820,93.46,29,3.22
16744,604.66,242,2.5
15700,258.63,89,2.91
17299,92.72,57,1.63
12837,80.95,12,6.75
15076,149.34,49,3.05
17444,883.9,135,6.55
15921,94.68,25,3.79
15747,228.74,93,2.46
15840,57.9,28,2.07
15016,91.46,20,4.57
14808,1236.84,256,4.83
12904,222.12,72,3.09
15825,176.79,20,8.84
12432,1139.49,108,10.55
15389,1.25,1,1.25
15280,12.87,16,0.8
17159,245.45,102,2.41
12830,107.52,39,2.76
15507,186.45,46,4.05
18252,306.65,98,3.13
16526,84.23,15,5.62
17695,43.81,35,1.25
12930,80.77,27,2.99
14960,48.7,27,1.8
12444,1119.13,177,6.32
17960,44.71,26,1.72
15412,34.71,10,3.47
13763,55.97,17,3.29
12798,8.38,8,1.05
13849,305.42,101,3.02
16114,26.75,8,3.34
13420,31.89,10,3.19
13780,147.24,57,2.58
17877,42.49,12,3.54
16247,43.38,16,2.71
15041,136.01,67,2.03
12379,116.6,41,2.84
16287,17.9,8,2.24
12919,144.12,52,2.77
15130,53.24,22,2.42
12704,645.7,90,7.17
17370,46.1,33,1.4
17709,91.05,7,13.01
15253,91.76,55,1.67
13300,54.33,22,2.47
17759,215.36,95,2.27
12465,138.02,51,2.71
12412,165.54,61,2.71
12697,210.67,43,4.9
13937,15.25,9,1.69
12615,324.41,105,3.09
15850,151.69,97,1.56
15186,64.22,19,3.38
13791,21.29,17,1.25
14795,44,6,7.33
17768,403.92,105,3.85
18112,111.52,26,4.29
12548,33.6,5,6.72
17386,45.98,28,1.64
14104,166.61,21,7.93
17110,62,12,5.17
13895,351.32,119,2.95
16545,11.3,3,3.77
16671,16.82,6,2.8
14351,4.25,1,4.25
17391,3.18,3,1.06
16824,87.96,26,3.38
17750,127.83,193,0.66
16200,464.55,179,2.6
17997,287.86,180,1.6
14383,196.23,59,3.33
13461,42.35,27,1.57
17408,22.7,2,11.35
15537,92.69,24,3.86
14327,31.05,12,2.59
17837,686.11,172,3.99
12424,83.42,30,2.78
15578,31.05,13,2.39
15584,383.74,125,3.07
13745,16.99,26,0.65
16498,40.47,16,2.53
17891,24.2,34,0.71
17123,15.95,9,1.77
16866,41.89,11,3.81
13730,139.24,43,3.24
16589,61.39,33,1.86
12922,45.58,28,1.63
16009,298.25,90,3.31
14053,5.51,4,1.38
17939,29.47,12,2.46
17312,32.27,14,2.31
13833,142.1,29,4.9
17899,76.3,32,2.38
15007,37.93,12,3.16
17464,24.49,9,2.72
18265,241.34,46,5.25
16344,11.4,2,5.7
13338,165.33,24,6.89
17024,4.15,3,1.38
14034,213.5,92,2.32
18203,87.08,19,4.58
16616,93.71,33,2.84
16338,41.08,11,3.73
17046,47.72,22,2.17
13109,135.24,50,2.7
16829,33.21,11,3.02
13217,16.15,7,2.31
14002,113.34,47,2.41
12977,38.07,9,4.23
13291,111.9,42,2.66
13583,106.64,53,2.01
16929,160.13,77,2.08
17892,91.7,28,3.28
15505,233.09,99,2.35
14459,127.15,37,3.44
18013,36.28,31,1.17
13681,165.44,57,2.9
13699,88.29,14,6.31
14493,372.1,123,3.03
13486,200.79,69,2.91
13302,12.75,1,12.75
16012,243.23,94,2.59
12635,254.73,101,2.52
17031,35.35,22,1.61
12461,149.06,35,4.26
12648,66.62,21,3.17
18121,59.68,32,1.87
15901,243.55,116,2.1
14918,157.17,45,3.49
15920,129.56,60,2.16
17353,11.6,8,1.45
18024,58.49,22,2.66
15467,120.68,53,2.28
16174,85.68,23,3.73
13678,6.3,16,0.39
14690,149.31,54,2.77
13058,46.6,8,5.83
14552,108.76,58,1.88
12556,322.14,121,2.66
13224,250.79,109,2.3
16989,18,12,1.5
12358,157.21,19,8.27
13207,18.33,8,2.29
18122,851.58,364,2.34
12722,251.27,57,4.41
17405,297.1,94,3.16
13311,107.14,26,4.12
15051,321.57,143,2.25
15895,21.83,11,1.98
15795,128.44,42,3.06
13669,24.76,9,2.75
16450,16.33,11,1.48
13667,211.83,87,2.43
14400,47.17,26,1.81
12405,191.39,54,3.54
14265,181.75,31,5.86
14847,48.79,13,3.75
14862,103.42,48,2.15
16488,132.09,31,4.26
15256,10.9,6,1.82
14716,76.76,55,1.4
13933,79.59,23,3.46
14857,263.88,61,4.33
15306,153.76,58,2.65
15839,148.81,65,2.29
13994,590.83,155,3.81
17554,269.23,88,3.06
14332,55.03,26,2.12
17266,207.61,80,2.6
17948,2.49,1,2.49
15004,489.12,158,3.1
14722,87.85,29,3.03
13507,543.38,162,3.35
13967,7.2,2,3.6
16054,279.87,70,4
12833,130.59,24,5.44
16474,811.4,368,2.2
17984,99.2,48,2.07
12589,157.6,35,4.5
17448,4287.63,1,4287.63
16762,290.46,89,3.26
15369,1592.49,1,1592.49
13154,611.86,1,611.86
13940,152.95,49,3.12
14029,65.49,15,4.37
14117,3.75,3,1.25
13167,191.64,65,2.95
17779,244.31,84,2.91
13991,130.71,86,1.52
18101,105.8,41,2.58
17065,112.35,1,112.35
13827,348.21,93,3.74
12560,315.8,111,2.85
16764,1708.62,718,2.38
18180,247.62,119,2.08
12521,113.84,38,3
17866,34.55,10,3.46
15802,1354.26,3,451.42
17229,94.42,47,2.01
14456,1737.26,977,1.78
16464,592.07,236,2.51
17962,57.81,35,1.65
16149,22.57,18,1.25
14259,14.15,5,2.83
18143,166.43,61,2.73
17935,54.15,29,1.87
14517,96,18,5.33
17694,39.13,15,2.61
17660,90.17,45,2
16041,32.34,6,5.39
15623,81.52,19,4.29
15829,53.69,51,1.05
15232,31.95,31,1.03
12438,381.7,98,3.89
12627,675.72,230,2.94
13079,25,6,4.17
18262,14.6,13,1.12
13563,417.13,49,8.51
15506,292.3,164,1.78
16305,37.03,22,1.68
12864,1.97,3,0.66
17724,189.9,45,4.22
17703,90.35,55,1.64
13116,151.6,31,4.89
14019,177.08,68,2.6
17649,192.97,53,3.64
16178,25.55,8,3.19
17040,49.51,15,3.3
14100,88.1,26,3.39
16557,75,11,6.82
13296,12.04,5,2.41
13814,180.68,58,3.12
16364,183.04,53,3.45
17693,46.77,18,2.6
15372,22.27,27,0.82
15618,126.351,49,2.58
13930,27.89,17,1.64
13379,169.78,97,1.75
13194,7.95,3,2.65
16447,106.36,36,2.95
14305,264.84,110,2.41
12397,437,126,3.47
14331,84.54,28,3.02
15261,22.79,19,1.2
15105,243.49,101,2.41
13813,308.95,71,4.35
18268,25.5,2,12.75
14855,93.4,20,4.67
13925,304.09,45,6.76
18237,180.42,61,2.96
12453,102.91,43,2.39
15639,107.71,25,4.31
15118,0.17,1,0.17
15746,41.83,29,1.44
12743,407.17,134,3.04
15942,37.21,14,2.66
14143,38.4,7,5.49
15120,107.06,22,4.87
16147,86.03,22,3.91
13277,11.6,8,1.45
18127,149.34,47,3.18
15149,136.85,23,5.95
18081,65.28,17,3.84
14511,181.97,71,2.56
12716,183.94,69,2.67
15776,75.31,18,4.18
12981,32.47,20,1.62
13106,8.5,2,4.25
13928,155.72,27,5.77
14885,19.03,15,1.27
13388,209.58,36,5.82
15438,88.44,25,3.54
17173,330.45,87,3.8
17941,2.51,2,1.26
14947,43.18,14,3.08
17053,60.59,14,4.33
12534,191.23,63,3.04
12844,136.82,52,2.63
14567,125.44,34,3.69
14937,119.85,35,3.42
12828,173.04,56,3.09
16984,1502.36,418,3.59
13023,182.1,40,4.55
17553,6.2,2,3.1
13075,44.87,22,2.04
15342,59.92,26,2.3
12644,86.94,31,2.8
12378,656.44,219,3
17788,27.1,5,5.42
13850,227.82,94,2.42
14076,92.42,46,2.01
13805,7.71,13,0.59
17887,52.35,10,5.24
13186,268.89,84,3.2
12750,69.3,15,4.62
15374,11.45,3,3.82
17656,227.35,82,2.77
16102,148.13,57,2.6
15089,481.39,145,3.32
14972,89.05,18,4.95
17514,89.12,40,2.23
12917,9.9,2,4.95
12689,205.34,72,2.85
14768,22.5,6,3.75
17584,140.65,36,3.91
15254,36.54,18,2.03
18099,40.64,19,2.14
15205,140.74,38,3.7
13218,4.65,5,0.93
17267,129.25,38,3.4
16302,20.23,12,1.69
13513,36.85,10,3.69
14720,212.55,37,5.74
18282,62.68,13,4.82
12610,545.77,111,4.92
13200,155.28,46,3.38
14079,39.28,12,3.27
17298,62.41,30,2.08
14024,59.22,16,3.7
16066,316.24,102,3.1
15198,18.75,10,1.88
12885,272.06,72,3.78
17331,10.95,1,10.95
13016,149.14,47,3.17
13500,238.26,67,3.56
15247,12.5,6,2.08
13355,87.23,32,2.73
16053,242.24,84,2.88
13919,87.96,33,2.67
12384,227.27,30,7.58
16292,51.53,19,2.71
12571,44.9,34,1.32
14116,234.12,72,3.25
14495,12.05,6,2.01
15494,298.77,125,2.39
15608,195.34,60,3.26
17248,131.46,69,1.91
17653,207.42,50,4.15
13645,16.85,5,3.37
15469,178.15,27,6.6
13307,3.75,1,3.75
12381,417.04,91,4.58
17122,13.79,7,1.97
14406,30.36,8,3.8
15683,21.63,10,2.16
14301,21.53,16,1.35
14658,162.06,29,5.59
13621,21.45,19,1.13
16272,43.43,25,1.74
17958,28.28,7,4.04
16836,23.92,11,2.17
16961,37.44,14,2.67
16902,170.07,44,3.87
15706,309.29,59,5.24
15480,191.87,45,4.26
15315,33.44,38,0.88
15653,5.44,6,0.91
13159,334.74,122,2.74
13189,11.36,29,0.39
17637,120.15,35,3.43
12641,69.65,10,6.97
13470,16.5,10,1.65
15786,788.43,280,2.82
15541,60.73,29,2.09
16734,187.39,53,3.54
16706,345.04,123,2.81
17070,165.46,64,2.59
12688,705.33,171,4.12
12729,96.24,26,3.7
12962,47.77,16,2.99
13273,20.77,16,1.3
17736,170.48,26,6.56
15472,173.98,76,2.29
12680,189.17,52,3.64
16582,9.73,6,1.62
17747,12.7,2,6.35
12513,80.57,36,2.24
15396,50.39,14,3.6
12418,121.19,34,3.56
16828,30,8,3.75
14712,82.7,25,3.31
12991,71.51,31,2.31
14772,31.58,9,3.51
12364,162.37,85,1.91
12968,16.45,5,3.29
16330,113.96,41,2.78
14566,7.16,4,1.79
15701,697.18,237,2.94
12518,351.81,124,2.84
14529,450.81,229,1.97
16536,210.16,56,3.75
15313,2.08,1,2.08
15801,210.6,69,3.05
16201,234.15,115,2.04
16555,48.06,17,2.83
16952,83.79,16,5.24
14387,473.5,140,3.38
17073,543.5,174,3.12
18147,9.08,7,1.3
14523,32.64,12,2.72
14418,265.44,124,2.14
12642,168.76,47,3.59
16968,86.91,31,2.8
16723,295.58,43,6.87
13411,58.75,18,3.26
16340,232.39,153,1.52
13236,157.78,39,4.05
14196,19.59,6,3.27
15263,35.49,12,2.96
14314,5.33,8,0.67
16093,0.85,1,0.85
17844,4.99,5,1
14687,34.05,15,2.27
14050,83.09,54,1.54
16429,39.9,2,19.95
14055,44.53,10,4.45
12715,71.44,21,3.4
15663,22.59,9,2.51
18200,62.99,32,1.97
18167,156.28,43,3.63
13644,469.57,148,3.17
17451,256.29,107,2.4
16641,25.66,12,2.14
13812,129.1,36,3.59
14141,158.18,46,3.44
15074,92.84,42,2.21
12492,66.95,20,3.35
17183,318.52,76,4.19
15325,53.39,49,1.09
13778,29.7,9,3.3
14869,216.62,72,3.01
14096,41376.33,5128,8.07
14108,108.92,35,3.11
12814,41.79,2,20.9
15866,174.25,45,3.87
14660,70.76,30,2.36
13726,45.2,42,1.08
15690,12.98,19,0.68
17777,319.52,194,1.65
16278,242.91,25,9.72
13276,152.93,30,5.1
12436,84.28,16,5.27
13147,19.8,4,4.95
13045,28.27,18,1.57
13099,0.72,1,0.72
12739,152.32,38,4.01
14420,46.06,30,1.54
14436,19.06,9,2.12
18027,58.64,21,2.79
12794,93.47,45,2.08
12832,79.08,27,2.93
16674,197.42,98,2.01
12375,119.6,18,6.64
16173,347.66,87,4
14171,167.41,58,2.89
13434,16.52,10,1.65
16761,15.56,13,1.2
14067,148.85,52,2.86
13808,285.24,76,3.75
12851,97.33,50,1.95
14335,144.24,63,2.29
14965,196.56,83,2.37
15136,144.07,69,2.09
16629,156.99,64,2.45
18261,64.74,21,3.08
15307,80.95,12,6.75
16820,97.21,26,3.74
17309,35.25,12,2.94
13949,233.06,160,1.46
14360,365.85,118,3.1
16400,87.41,29,3.01
14208,35.27,10,3.53
12526,238.12,71,3.35
13130,4.5,2,2.25
13210,33.26,22,1.51
17481,215.3,83,2.59
12685,482.15,157,3.07
17573,58.02,26,2.23
14452,193.92,62,3.13
13889,57.5,15,3.83
15488,16.06,2,8.03
18222,61.86,19,3.26
13244,101.19,27,3.75
17004,116.72,44,2.65
13441,25.04,13,1.93
13823,156.82,40,3.92
12879,24.22,12,2.02
16603,73.32,34,2.16
14824,69.44,29,2.39
16910,1188.85,547,2.17
15652,80.92,21,3.85
16362,264.68,90,2.94
15035,57.47,27,2.13
14508,195.64,57,3.43
13272,80.09,15,5.34
17317,31.14,11,2.83
14212,11.27,9,1.25
13372,138.47,23,6.02
18255,10.3,6,1.72
14250,276.08,111,2.49
16796,31.42,18,1.75
14432,554.21,382,1.45
15782,283.71,44,6.45
12883,248.93,42,5.93
12965,399.36,109,3.66
15533,340.53,86,3.96
18215,38.91,13,2.99
18158,45.66,35,1.3
13375,121.84,38,3.21
13431,147.97,46,3.22
16211,91.84,24,3.83
12884,111.89,7,15.98
16141,140.65,30,4.69
17919,49.75,23,2.16
16360,1571.53,671,2.34
17433,129.92,54,2.41
13704,450.31,135,3.34
14020,111.11,39,2.85
14359,228.2,58,3.93
16451,36.61,14,2.62
12940,411.35,103,3.99
15216,9.6,2,4.8
15522,54.14,57,0.95
17037,213.06,77,2.77
12822,138.81,47,2.95
15343,134.2,21,6.39
14753,107.95,30,3.6
16959,21.05,7,3.01
18251,12.35,16,0.77
13032,278.01,75,3.71
12895,79.4,24,3.31
17640,12.83,5,2.57
13860,270.06,77,3.51
12756,2.97,4,0.74
18001,164.59,58,2.84
17728,907.29,169,5.37
15933,158.04,74,2.14
14284,165.2,34,4.86
17347,1.06,1,1.06
15103,197.64,35,5.65
15707,488.24,214,2.28
13430,94.13,54,1.74
12566,79.12,20,3.96
13321,23.37,11,2.12
13877,3.53,3,1.18
15272,259.5,63,4.12
15322,150.52,49,3.07
17333,49.62,28,1.77
13518,104.57,38,2.75
14306,146.36,35,4.18
17679,159.27,30,5.31
16160,38.59,22,1.75
15573,297.01,104,2.86
14894,65.31,23,2.84
17434,392.2,138,2.84
15466,108.8,57,1.91
15511,638.94,160,3.99
17846,2033.1,1,2033.1
16189,43.38,11,3.94
15417,52.46,28,1.87
12995,7.99,5,1.6
14557,50.88,32,1.59
16108,95.78,49,1.95
17144,253.24,48,5.28
16924,271.91,89,3.06
15099,47.69,23,2.07
13323,95.55,21,4.55
14124,1.79,5,0.36
15975,51.44,24,2.14
15523,36.31,10,3.63
16878,9.5,6,1.58
15947,116.64,29,4.02
13247,52.69,25,2.11
13566,332.8,176,1.89
18194,12.57,9,1.4
16689,53.88,16,3.37
16438,289.61,132,2.19
13067,57.9,15,3.86
16460,226.15,135,1.68
13325,36.34,12,3.03
12640,303,53,5.72
13774,72.4,22,3.29
12497,28.84,14,2.06
12752,121.59,53,2.29
15504,29.01,13,2.23
15500,310.17,68,4.56
17557,91.87,34,2.7
13228,3.58,2,1.79
14356,146.68,38,3.86
13416,103.65,19,5.46
17628,12.05,5,2.41
16527,40.92,14,2.92
16428,2.95,1,2.95
15341,50.52,17,2.97
16215,60,14,4.29
14164,45.07,29,1.55
15888,32.95,14,2.35
17564,182.4,49,3.72
13356,181.28,42,4.32
12390,127.9,32,4
18228,130.33,32,4.07
17415,195.53,14,13.97
13350,401.03,43,9.33
12550,176.15,57,3.09
16627,101.35,20,5.07
17475,24.87,14,1.78
14951,37.9,20,1.9
14780,74.7,27,2.77
14887,9.67,6,1.61
15399,95.49,50,1.91
17466,192.33,41,4.69
16379,226.95,109,2.08
17172,17.17,16,1.07
15239,112.67,52,2.17
16213,22.9,6,3.82
15603,1.01,2,0.51
14261,263.33,52,5.06
12657,284.53,56,5.08
15571,153.99,57,2.7
15484,410.94,189,2.17
12936,128.61,63,2.04
16236,57.55,20,2.88
16669,440.75,161,2.74
15398,199.67,74,2.7
12906,160.77,63,2.55
17079,9.9,2,4.95
14125,527.94,167,3.16
17163,22.65,5,4.53
12952,325.9,80,4.07
12579,116.77,31,3.77
13279,30.63,11,2.78
12425,92.32,36,2.56
16715,8.61,19,0.45
13519,62.7,9,6.97
12546,222,70,3.17
15744,0.87,3,0.29
13127,43.28,15,2.89
15714,107.15,35,3.06
17480,57.51,31,1.86
15763,431.72,63,6.85
15075,89.45,27,3.31
16978,114.85,39,2.94
14014,22.15,39,0.57
16240,576.89,142,4.06
13336,127.62,51,2.5
14652,86.6,29,2.99
15807,123.9,48,2.58
15762,148.07,37,4
15475,52.98,29,1.83
15978,96.18,49,1.96
16485,129.41,42,3.08
12488,205.41,55,3.73
13083,61.32,18,3.41
16169,175.94,85,2.07
17506,56.71,16,3.54
16480,176.52,53,3.33
17006,164.99,44,3.75
17498,34.33,17,2.02
17131,471.6,134,3.52
13536,576.07,179,3.22
15429,172.52,83,2.08
17154,25.46,23,1.11
16594,159.95,53,3.02
16049,630.23,312,2.02
14757,74.56,19,3.92
16198,62.691,15,4.18
13670,46.92,25,1.88
18066,34.3,10,3.43
14806,20.29,11,1.84
12783,1649.24,86,19.18
13429,81.79,67,1.22
15154,307.53,92,3.34
13390,39.79,13,3.06
12925,103.96,45,2.31
13927,56.61,21,2.7
18205,146.56,32,4.58
14908,32.65,9,3.63
13639,57.72,40,1.44
15958,27.89,7,3.98
15492,88.86,35,2.54
15243,53.9,22,2.45
16468,14.58,2,7.29
15344,245.22,32,7.66
13866,23.63,7,3.38
12612,94.24,21,4.49
16999,55.83,23,2.43
13514,16.7,4,4.18
13314,259.82,75,3.46
17805,22.57,10,2.26
18278,29.55,9,3.28
13979,98.94,54,1.83
16181,26.53,11,2.41
15568,135.49,53,2.56
16354,122.39,39,3.14
14412,107.79,45,2.4
16119,34.11,16,2.13
14109,38.55,14,2.75
16157,66.17,19,3.48
15348,19.02,9,2.11
16281,40.35,17,2.37
13924,386.22,137,2.82
14434,53.42,12,4.45
13061,34.03,10,3.4
17513,16.62,6,2.77
16909,65.8,19,3.46
16650,54.07,24,2.25
18192,180.33,45,4.01
17447,60.92,36,1.69
17427,8.33,2,4.17
15175,17.03,23,0.74
13960,25.26,12,2.11
17528,867.84,260,3.34
16361,327.3,106,3.09
13886,60.88,16,3.81
13354,94.28,51,1.85
15050,212.17,80,2.65
13503,37.08,17,2.18
16653,260.36,76,3.43
16574,39.92,28,1.43
13759,84.07,25,3.36
17813,1295.84,378,3.43
12718,51.72,19,2.72
15949,34.67,19,1.82
12703,58.35,22,2.65
13364,51.96,20,2.6
16268,191.66,45,4.26
18053,34.66,21,1.65
16101,214.79,83,2.59
15565,36.53,8,4.57
18217,64.73,31,2.09
13954,181.86,30,6.06
15593,16.65,5,3.33
13095,4.16,6,0.69
15287,52.63,21,2.51
13347,60.16,8,7.52
15185,48.88,21,2.33
16404,118.8,23,5.17
16613,86.91,30,2.9
16591,44.43,10,4.44
15774,120.05,25,4.8
13558,386.66,175,2.21
16930,87.74,54,1.62
16533,472.54,181,2.61
18059,39.84,21,1.9
14488,109.74,49,2.24
16747,122.93,45,2.73
14333,159.7,19,8.41
13635,149.16,62,2.41
17330,26.93,6,4.49
17321,296.04,107,2.77
14815,87.71,53,1.65
15091,59.87,31,1.93
15088,320.19,60,5.34
15930,84.48,21,4.02
16183,52.73,15,3.52
13297,175.7,59,2.98
13801,90.95,23,3.95
16881,0.72,1,0.72
17014,221.23,75,2.95
15255,129.3,47,2.75
14184,130.04,24,5.42
13351,103.97,16,6.5
15739,20.19,8,2.52
12512,87.7,34,2.58
17957,41.82,31,1.35
15276,125.05,52,2.4
15127,29.41,16,1.84
16106,9.08,6,1.51
17666,34.18,18,1.9
13483,10.56,10,1.06
16478,50.03,17,2.94
17382,17.1,2,8.55
12789,91.85,4,22.96
16020,112.45,46,2.44
17222,83.75,28,2.99
16803,50.48,24,2.1
13947,14.65,5,2.93
16758,88.91,22,4.04
12719,149.5,42,3.56
17647,49.68,7,7.1
14054,9.08,6,1.51
12723,220.96,69,3.2
18033,63.44,34,1.87
13845,17.59,9,1.95
15837,98.19,24,4.09
12628,158.14,43,3.68
13177,59.75,17,3.51
14317,74.34,24,3.1
16295,297.58,79,3.77
13602,47.4,23,2.06
16895,167.73,69,2.43
17295,203.53,69,2.95
13504,81.44,22,3.7
13422,389.84,128,3.05
15264,53.13,23,2.31
16432,25.34,8,3.17
13816,141.55,33,4.29
14518,43.19,16,2.7
13882,239.77,66,3.63
15937,16.6,7,2.37
12923,85.16,29,2.94
17453,65.04,19,3.42
15766,35.29,11,3.21
15300,80.14,28,2.86
13348,30.88,14,2.21
14592,335.32,164,2.04
14792,12.4,4,3.1
17030,29.28,11,2.66
12420,136.51,29,4.71
14427,33.78,17,1.99
12519,53.84,18,2.99
13359,137.55,24,5.73
14138,108.65,47,2.31
15297,113.54,41,2.77
13876,35.8,7,5.11
12740,56,27,2.07
17086,207.45,96,2.16
13806,52.33,10,5.23
18096,487.27,213,2.29
13587,94.54,11,8.59
12856,815.88,317,2.57
13419,16.19,16,1.01
17509,835.32,369,2.26
16900,854.46,82,10.42
13689,10.2,6,1.7
13755,1051.22,343,3.06
16104,97.48,29,3.36
13259,200.83,87,2.31
16248,14.22,7,2.03
15612,36.85,6,6.14
15787,445.93,206,2.16
16595,148.62,85,1.75
13260,39.74,8,4.97
15821,229.18,62,3.7
18088,81.65,39,2.09
16685,139.8,62,2.25
13193,83.24,29,2.87
13212,539.32,143,3.77
14801,145.34,59,2.46
16380,57.6,32,1.8
16921,94.05,60,1.57
15193,121.55,19,6.4
14027,12.86,6,2.14
16179,41.06,11,3.73
15473,36.9,14,2.64
17425,114.85,43,2.67
18169,33.2,9,3.69
18126,109.24,56,1.95
16688,172.05,62,2.78
16982,53.97,22,2.45
15330,7.29,13,0.56
17186,1.44,2,0.72
13685,27.33,39,0.7
16776,147.2,76,1.94
13980,43.06,11,3.91
13352,95.26,27,3.53
15553,134.98,56,2.41
15886,35.97,12,3
17203,263.45,152,1.73
12607,435.86,202,2.16
17459,212.81,111,1.92
12772,203.54,55,3.7
16561,88.61,31,2.86
14121,394.73,161,2.45
12371,244.08,63,3.87
17119,131.96,38,3.47
17620,11.03,4,2.76
12824,63.39,25,2.54
14710,288.6,139,2.08
16120,56.71,32,1.77
14624,26.92,13,2.07
16171,10.25,3,3.42
12536,13255.22,273,48.55
13690,53.75,9,5.97
17934,72.51,21,3.45
14642,6.01,2,3.01
12602,23.65,12,1.97
16753,72.16,34,2.12
17737,24.14,10,2.41
13464,131.43,41,3.21
12667,119.6,33,3.62
12498,96.55,23,4.2
14537,29.63,10,2.96
17279,60.63,9,6.74
14251,161.4,78,2.07
12446,248.1,58,4.28
12631,140.65,31,4.54
14234,252.98,159,1.59
14975,11.17,11,1.02
13853,108.71,24,4.53
16773,72.02,26,2.77
16430,26.15,6,4.36
16793,38.83,16,2.43
18130,167.82,71,2.36
17614,221.16,100,2.21
13858,47.69,11,4.34
14856,206.77,66,3.13
14089,30.9,14,2.21
15478,162.07,46,3.52
16413,78.31,31,2.53
13810,1344.23,36,37.34
16416,221.64,73,3.04
13006,21.18,4,5.3
17986,2.08,1,2.08
12454,218.46,30,7.28
14910,103.59,35,2.96
16243,297.91,51,5.84
13878,167.59,36,4.66
16934,249.59,62,4.03
15994,118.58,35,3.39
14547,1053.88,367,2.87
16052,84.61,34,2.49
15113,220.52,101,2.18
12475,105.88,36,2.94
16542,15.39,5,3.08
18042,38.15,7,5.45
16563,64.89,19,3.42
17201,77.96,40,1.95
17520,98.93,30,3.3
13923,59.49,20,2.97
16412,72.55,35,2.07
17205,6.83,13,0.53
17534,24.1,9,2.68
15335,101.39,36,2.82
16737,1.45,1,1.45
15066,249.53,53,4.71
17206,19.52,7,2.79
17785,33.32,13,2.56
16932,115.76,53,2.18
16363,14.78,5,2.96
14830,68.99,40,1.72
17244,52.91,31,1.71
15355,85.6,14,6.11
15598,38.29,16,2.39
15637,45.4,15,3.03
16848,23.94,14,1.71
15678,24.48,12,2.04
14015,62.14,20,3.11
13594,41.48,26,1.6
15327,43.97,10,4.4
14861,16.41,6,2.74
14554,595.48,216,2.76
12611,173.88,65,2.68
14179,464.24,165,2.81
15604,26.24,17,1.54
14381,91.16,56,1.63
12572,269.37,62,4.34
16123,49.72,16,3.11
16851,39.27,20,1.96
17148,14.58,9,1.62
17549,10.6,6,1.77
17973,48.66,15,3.24
15610,11.24,6,1.87
15853,44.08,30,1.47
18019,28.55,5,5.71
14698,603.27,210,2.87
16826,87.67,22,3.99
17824,13.9,13,1.07
12522,60.01,12,5
15803,13.99,8,1.75
15006,276.2,144,1.92
17350,174.12,72,2.42
14799,63.56,13,4.89
15814,250.71,74,3.39
16260,96.6,18,5.37
14638,66.55,16,4.16
17354,22.51,16,1.41
13245,99.7,16,6.23
14923,151.61,44,3.45
16177,81.15,15,5.41
13366,0.39,1,0.39
16284,230.91,109,2.12
16846,29.28,11,2.66
14484,29.34,14,2.1
13897,33.11,17,1.95
14585,57.7,29,1.99
17125,138.74,40,3.47
15836,112.34,12,9.36
16313,49.57,16,3.1
13460,18.02,17,1.06
12403,53.4,6,8.9
14967,17.55,6,2.93
15286,13.35,3,4.45
17832,67.81,61,1.11
12646,107.42,45,2.39
16015,236.72,184,1.29
16311,91.52,37,2.47
15728,16.1,4,4.03
15740,22.25,9,2.47
13974,61.51,28,2.2
15677,118.21,33,3.58
15000,218.26,77,2.83
16017,85.62,32,2.68
13471,651.96,260,2.51
13598,146.99,41,3.59
18005,191.18,60,3.19
15427,648.43,306,2.12
15022,399.74,135,2.96
17111,55.26,30,1.84
17836,32.78,24,1.37
14629,573.25,153,3.75
15592,37.55,24,1.56
15277,21.25,12,1.77
16491,99.44,39,2.55
15516,41.68,15,2.78
14764,10.8,7,1.54
16742,472.65,4,118.16
15142,62.9,26,2.42
17344,90.67,32,2.83
18240,23.57,6,3.93
17081,242.9,64,3.8
14474,199.26,30,6.64
14139,37.9,26,1.46
15844,19.73,11,1.79
13176,199.98,72,2.78
12398,169.38,85,1.99
15345,180.46,23,7.85
16708,90.84,27,3.36
15963,67.48,28,2.41
18045,122.52,47,2.61
13182,7.54,11,0.69
15158,12.95,7,1.85
13028,47.27,47,1.01
13978,18.16,15,1.21
16056,256.08,68,3.77
12812,31.03,15,2.07
16071,57.48,21,2.74
14539,66.53,32,2.08
14550,104.85,48,2.18
17712,135.29,29,4.67
14102,177.83,84,2.12
14598,76.08,50,1.52
15320,110.29,36,3.06
16415,98.15,54,1.82
12448,130.94,22,5.95
12827,71.7,25,2.87
16345,163.23,38,4.3
15993,1271.81,560,2.27
17895,29.77,16,1.86
15948,151.29,60,2.52
15659,60.05,11,5.46
18154,59.35,21,2.83
12630,287.13,64,4.49
13363,230.24,60,3.84
18276,47.25,16,2.95
17684,43.74,15,2.92
17878,58.4,26,2.25
14752,12.52,5,2.5
16847,39.69,12,3.31
14971,496.33,160,3.1
17545,360.48,145,2.49
16026,41.14,32,1.29
16513,90.67,35,2.59
12430,68.48,11,6.23
14357,79.96,41,1.95
16855,71.05,19,3.74
16680,30.3,10,3.03
18035,130.77,53,2.47
16648,27.13,21,1.29
16164,102.69,35,2.93
14218,17.28,12,1.44
15096,34.23,11,3.11
18030,70.3,10,7.03
14416,23.36,14,1.67
17839,98.03,56,1.75
16601,95.25,31,3.07
12912,65.26,24,2.72
13278,88.64,46,1.93
14582,20.34,6,3.39
15748,78.46,21,3.74
16079,62.4,21,2.97
17590,536.35,201,2.67
15054,195.26,114,1.71
14158,63,41,1.54
15385,26.64,12,2.22
16506,6.55,3,2.18
13822,171.89,96,1.79
18067,104.82,37,2.83
16190,43.12,6,7.19
15444,613.38,219,2.8
13607,308.76,98,3.15
12581,43.39,15,2.89
15360,30.57,13,2.35
13103,31.74,8,3.97
15667,20.22,13,1.56
13651,36.35,6,6.06
12552,182.31,20,9.12
16127,124.25,40,3.11
12588,95.8,10,9.58
15977,194.96,65,3
13697,16.72,12,1.39
14345,20.94,6,3.49
17503,88.45,38,2.33
16830,48.99,23,2.13
17495,99.36,27,3.68
12491,87.8,26,3.38
14485,126.1,47,2.68
13868,61.19,33,1.85
15423,7.86,2,3.93
17668,110.05,15,7.34
16971,443.19,42,10.55
16352,54.93,28,1.96
16884,51.91,26,2
15830,122.84,41,3
14216,278.26,59,4.72
15275,139.49,42,3.32
16790,228.29,95,2.4
15576,161.15,45,3.58
18105,40.18,18,2.23
18164,105.92,25,4.24
14974,72.81,21,3.47
17947,8.48,9,0.94
13318,57.14,20,2.86
18104,142.84,38,3.76
13271,117.29,101,1.16
17595,207.31,83,2.5
14528,35.53,18,1.97
17432,121.31,48,2.53
16337,30.4,10,3.04
14098,35.8,21,1.7
15551,113.99,29,3.93
16347,346.13,92,3.76
13721,79.83,28,2.85
16322,90.2,37,2.44
17403,103.49,33,3.14
16914,100.69,38,2.65
16602,78.88,32,2.47
12544,82.27,20,4.11
13914,96.72,34,2.84
13467,270.45,99,2.73
17221,122.5,63,1.94
17078,16.87,28,0.6
13447,195.23,62,3.15
15010,63.37,20,3.17
18022,335.06,191,1.75
16318,47,19,2.47
17274,47.09,27,1.74
15597,38.35,23,1.67
17233,61.87,25,2.47
16887,72.83,37,1.97
13938,7.09,7,1.01
17084,468.55,162,2.89
14882,43.45,11,3.95
15017,65.25,20,3.26
12882,83.69,13,6.44
17387,188.58,78,2.42
13727,58.82,20,2.94
13532,146.73,66,2.22
16445,165.82,63,2.63
15156,156.26,55,2.84
16372,257.8,97,2.66
17608,68.03,59,1.15
12638,99.84,39,2.56
14174,50.37,26,1.94
14039,12.2,6,2.03
13040,120.57,43,2.8
15883,144.78,49,2.95
14664,196.29,99,1.98
15526,21.98,4,5.5
17831,5.9,2,2.95
15025,193.46,72,2.69
12357,438.67,131,3.35
17761,59.7,19,3.14
15870,136.94,76,1.8
14080,3.8,4,0.95
17623,94.74,33,2.87
13673,214.62,65,3.3
14073,33.59,14,2.4
16070,69.45,33,2.1
13066,172.27,49,3.52
14929,24.83,11,2.26
13710,9.33,8,1.17
16732,94.67,28,3.38
14140,127.88,67,1.91
17219,47.13,25,1.89
16505,5.4,4,1.35
15957,117.09,42,2.79
18123,51.24,36,1.42
15043,5.37,3,1.79
17313,59.3,28,2.12
18216,128.32,26,4.94
17022,6.71,7,0.96
15153,102.65,22,4.67
16759,140.45,43,3.27
16751,35,25,1.4
12893,75.17,34,2.21
14836,16.75,6,2.79
17011,26.85,15,1.79
12532,59.17,16,3.7
17038,97.7,22,4.44
14968,71.79,37,1.94
12504,141.7,15,9.45
16516,12.7,6,2.12
13522,16.35,5,3.27
15986,12.56,14,0.9
13992,5.85,5,1.17
14354,11.14,9,1.24
16986,5.95,3,1.98
16953,2.08,1,2.08
18274,80.78,22,3.67
15450,65.18,30,2.17
15531,692.66,228,3.04
17500,271.5,5,54.3
17197,159.76,29,5.51
16025,55.34,28,1.98
12659,26.54,5,5.31
17461,266.42,111,2.4
17791,27.7,10,2.77
15463,12.99,7,1.86
17977,68.2,21,3.25
12617,79.93,42,1.9
14863,22.23,11,2.02
16903,140.67,60,2.34
12508,118.71,69,1.72
17502,78.67,28,2.81
12538,76.51,21,3.64
17901,101.25,19,5.33
14789,12.34,6,2.06
18209,25.95,8,3.24
12985,145.84,78,1.87
15557,71.19,20,3.56
16433,32.41,17,1.91
15692,22.85,12,1.9
17052,171.47,92,1.86
16368,183.15,76,2.41
18014,93.78,32,2.93
13732,52.14,33,1.58
13091,25.41,24,1.06
14661,15.8,4,3.95
13170,49.48,32,1.55
15654,64.49,21,3.07
13146,34.46,17,2.03
14788,77.66,30,2.59
13603,57.02,27,2.11
14382,211,131,1.61
16720,62.01,27,2.3
14904,51.02,69,0.74
14494,11.63,7,1.66
14902,64.46,24,2.69
16936,106.59,57,1.87
12938,11.44,9,1.27
15168,16.69,5,3.34
17538,10.74,9,1.19
18082,157.24,73,2.15
18117,89.85,74,1.21
15458,8.57,7,1.22
17566,403.4,152,2.65
16207,80.88,19,4.26
12762,188.79,69,2.74
17793,218.56,58,3.77
14953,129.15,55,2.35
16504,106.11,86,1.23
12374,139.25,33,4.22
15009,447.39,182,2.46
16423,34.48,18,1.92
15419,10.49,8,1.31
17510,44.22,20,2.21
15758,39.85,9,4.43
15524,110,1,110
14725,228.6,52,4.4
14666,26,14,1.86
14714,32.87,10,3.29
17153,39.05,14,2.79
12950,31.95,23,1.39
15720,315.66,128,2.47
18181,159.02,44,3.61
15556,55.49,31,1.79
17357,155.47,45,3.45
12890,148.66,82,1.81
13449,36.57,19,1.92
15269,149.95,2,74.98
14385,22.63,14,1.62
15900,103.61,51,2.03
17680,30.8,11,2.8
13926,71.87,11,6.53
16204,117.2,57,2.06
17896,1.78,2,0.89
17835,103.61,61,1.7
15432,29.09,10,2.91
18006,71.04,22,3.23
15657,1.25,1,1.25
17237,61.29,19,3.23
13160,12.1,4,3.03
12847,121.87,91,1.34
17397,282.88,92,3.07
17985,102.8,23,4.47
14362,95.47,41,2.33
13828,28.57,15,1.9
15435,108.32,29,3.74
12445,31.95,4,7.99
12603,28.95,3,9.65
14641,9.03,7,1.29
12618,73.02,11,6.64
15621,40.3,18,2.24
12391,245.99,100,2.46
18034,149.46,112,1.33
17286,84.25,45,1.87
17904,150.23,39,3.85
17301,126.12,66,1.91
15368,14.24,4,3.56
14793,50.56,15,3.37
17650,15.17,8,1.9
12702,65.3,12,5.44
14881,23.34,17,1.37
16784,13.45,3,4.48
14052,161.4,56,2.88
18110,139.39,49,2.84
17561,96.34,46,2.09
15988,93.2,27,3.45
17523,103.23,33,3.13
14950,108.62,20,5.43
16666,24.19,32,0.76
14860,10.78,12,0.9
17636,60.74,24,2.53
13832,10.6,4,2.65
13142,68.93,23,3
16366,50.92,18,2.83
14300,4.15,3,1.38
12349,605.1,73,8.29
12658,148.12,36,4.11
12795,107.73,14,7.7
15567,22.65,7,3.24
15645,153.54,52,2.95
16406,111.03,63,1.76
15857,13.2,14,0.94
12984,15.4,4,3.85
17253,101.06,18,5.61
13739,16.45,3,5.48
18139,241.41,162,1.49
15274,96.77,47,2.06
17010,33,12,2.75
15115,78.34,21,3.73
17100,126.32,65,1.94
15699,111.26,18,6.18
13403,8.75,3,2.92
16956,84.07,18,4.67
17600,45.9,13,3.53
15877,242.3,131,1.85
14424,6.71,1,6.71
13322,69.26,25,2.77
17297,112.48,51,2.21
13986,24.2,13,1.86
12920,107.55,28,3.84
18249,12.83,8,1.6
15634,55.9,15,3.73
16376,325.83,128,2.55
16811,66.32,28,2.37
12452,99.67,23,4.33
14581,26.91,17,1.58
14675,227.47,102,2.23
17290,262.44,102,2.57
16343,128.55,47,2.74
13638,23.94,8,2.99
16482,24.51,18,1.36
12784,165.29,59,2.8
17458,131.39,54,2.43
14785,2.83,3,0.94
17254,168.62,112,1.51
17767,58.75,21,2.8
15725,84.84,32,2.65
17247,180.51,55,3.28
18184,0.83,1,0.83
15428,11.18,6,1.86
17727,209.61,67,3.13
14756,132.22,38,3.48
16856,5.9,2,2.95
14703,45.13,22,2.05
17385,90.24,47,1.92
12531,64.76,17,3.81
15872,265.34,128,2.07
14966,74.13,38,1.95
17232,95.63,36,2.66
17468,5.85,5,1.17
13332,63.74,21,3.04
14946,14.05,3,4.68
13256,0,1,0
13596,378.97,166,2.28
16024,71.35,64,1.11
14954,269.87,85,3.17
17885,141.76,64,2.22
14093,156.42,105,1.49
14893,228.82,73,3.13
15721,187.2,91,2.06
17852,56.83,24,2.37
13844,49.21,20,2.46
12479,91.43,35,2.61
12660,50.25,13,3.87
15540,25.7,15,1.71
17379,113.86,83,1.37
16800,605.71,164,3.69
17806,43.91,43,1.02
17359,31.56,15,2.1
13188,19.15,2,9.58
14480,39.02,13,3
13349,64.42,16,4.03
15619,13.25,3,4.42
15148,50.71,20,2.54
14601,10.04,7,1.43
15783,48.11,14,3.44
17772,176.01,53,3.32
14126,61.86,16,3.87
16479,111.2,35,3.18
13428,145.96,74,1.97
15790,119.85,35,3.42
13521,790.98,436,1.81
14349,71.9,31,2.32
18058,5.39,3,1.8
12953,113,17,6.65
12966,34.23,10,3.42
15060,209.13,121,1.73
17911,85.06,39,2.18
14804,50.89,12,4.24
15904,88.6,30,2.95
16789,14.45,5,2.89
12558,27.5,22,1.25
17942,3.05,2,1.53
12587,46.24,4,11.56
13560,98.52,33,2.99
15539,55.09,41,1.34
13017,4.25,1,4.25
18174,2.08,1,2.08
13153,19.17,15,1.28
15773,13.34,10,1.33
17936,183.57,77,2.38
16535,93.76,31,3.02
16988,41.84,7,5.98
15097,56.65,25,2.27
18015,58.69,46,1.28
16597,11.35,7,1.62
13790,34.73,45,0.77
14219,16.02,7,2.29
12367,35.2,11,3.2
17383,94.68,51,1.86
12478,163.36,36,4.54
15992,18.33,3,6.11
15318,19.33,33,0.59
17914,157.2,80,1.97
16528,54.8,17,3.22
12442,40.08,12,3.34
16569,12.96,5,2.59
12650,38.69,20,1.93
14578,58.83,24,2.45
16000,30.11,9,3.35
15195,2.75,1,2.75
14087,110.78,70,1.58
14204,105.82,44,2.41
15471,153.94,77,2
13436,69.96,12,5.83
15520,31.04,18,1.72
13298,7.5,2,3.75
14569,47.04,12,3.92
12713,95.13,38,2.5